chembl_id,smiles,pchembl_value,pchembl_std,n_records
CHEMBL2581,C#CCNC(=O)[C@H](Cc1ccccc1)NC(=O)C[C@H](O)[C@H](Cc1ccccc1)NC(=O)[C@@H](NC(=O)c1ccccn1)C(C)C,7.3,0.0,1
CHEMBL2581,C#CCNC[C@@H](O)[C@H](Cc1ccccc1)NC(=O)c1cc2c3c(c1)c(CC)cn3CCS(=O)(=O)N2C,4.12,0.0,1
CHEMBL2581,C#CCNC[C@@H](O)[C@H](Cc1ccccc1)NC(=O)c1cc2c3c(c1)c(CC)cn3CCS(=O)(=O)O2,4.82,0.0,1
CHEMBL2581,C#CCNC[C@@H](O)[C@H](Cc1ccccc1)NC(=O)c1cc2c3c(cn(CC)c3c1)CCS(=O)(=O)N2C,4.46,0.0,1
CHEMBL2581,C#CC[C@H](NC(=O)C[C@H](O)[C@H](Cc1ccccc1)NC(=O)[C@@H](NC(=O)c1ccccn1)C(C)C)C(=O)N[C@@H](CC(C)C)C(N)=O,7.3,0.0,1
CHEMBL2581,C#Cc1csc(C2(NC[C@@H](O)[C@H](Cc3cc(F)cc(F)c3)NC(C)=O)CCCCC2)c1,6.56,0.0,1
CHEMBL2581,C=C(c1cccc(C2(NC[C@@H](O)[C@H](Cc3cc(F)cc(F)c3)NC(C)=O)CC2)c1)C(F)(F)F,5.92,0.0,1
CHEMBL2581,C=C1CCC(NC[C@@H](O)[C@H](Cc2cc(F)cc(F)c2)NC(C)=O)(c2cccc(C(C)(C)C)c2)CN1,7.66,0.0,1
CHEMBL2581,C=C1C[C@@H]([C@H](O)[C@H](CC(C)C)NC(=O)[C@H](CCSC)NC(=O)[C@H](CC(C)C)NC(C)=O)[C@H](C(=O)N[C@@H](C)C(=O)O)C1,6.37,0.0,1
CHEMBL2581,C=CCCC(=O)N[C@@H](Cc1cccc(CC=C)c1)[C@H](O)CN[C@H]1CC2(CCC2)Oc2ccc(CC)cc21,7.54,0.0,1
CHEMBL2581,C=CCCCC(=O)N[C@@H](Cc1cccc(CC=C)c1)[C@H](O)CN[C@H]1CC2(CCC2)Oc2ccc(CC)cc21,8.2,0.0,1
CHEMBL2581,C=CCCCC(=O)N[C@@H](Cc1cccc(CC=C)c1)[C@H](O)CN[C@H]1CC2(CCC2)Oc2ncc(CC(C)(C)C)cc21,9.08,0.0,1
CHEMBL2581,C=CCCCCC(=O)N[C@@H](Cc1cccc(CC=C)c1)[C@H](O)CN[C@H]1CC2(CCC2)Oc2ccc(CC)cc21,7.44,0.0,1
CHEMBL2581,C=CCNC(=O)c1ccc(-c2ccc(-c3ccccc3)n2Cc2cccc(N)n2)cc1,4.36,0.0,1
CHEMBL2581,C=CC[C@H](NC(C)=O)[C@H](O)CN[C@H]1CC2(CCC2)Oc2ncc(CC(C)(C)C)cc21,6.33,0.0,1
CHEMBL2581,C=CCc1cccc(C[C@H](NC(=O)c2cc(-c3ccccn3)c(=O)n(CC=C)c2)[C@H](O)CN[C@H]2CC3(CCC3)Oc3ccc(CC)cc32)c1,7.11,0.0,1
CHEMBL2581,C=CCc1cccc(C[C@H](NC(=O)c2cc(N3CCCC3)c(=O)n(CC=C)c2)[C@H](O)CN[C@H]2CC3(CCC3)Oc3ccc(CC)cc32)c1,7.54,0.0,1
CHEMBL2581,CC#Cc1cccc([C@@]2(c3ccc(OC(F)F)cc3)N=C(N)N(C)C2=O)c1,5.38,0.0,1
CHEMBL2581,CC#Cc1cncc(-c2cc([C@]3(C)CC4(CCOCC4)OC(N)=N3)sc2C)c1,5.03,0.0,1
CHEMBL2581,CC#Cc1cncc(-c2ccc(F)c([C@]3(C)CC4(CCC4)OC(N)=N3)c2)c1,5.29,0.0,1
CHEMBL2581,CC#Cc1cncc(-c2ccc3c(c2)C2(CC(C)(C)O3)N=C(N)N(C)C2=O)c1,6.01,0.0,1
CHEMBL2581,CC#Cc1cncc(-c2ccc3c(c2)[C@@]2(COC(N)=N2)c2cc(-c4ccnc(F)c4)ncc2O3)c1,5.35,0.0,1
CHEMBL2581,CC#Cc1cncc(-c2ccc3c(c2)[C@@]2(COC(N)=N2)c2cc(C4=CCCOC4)ncc2O3)c1,5.57,0.0,1
CHEMBL2581,CC#Cc1cncc(-c2ccc3c(c2)[C@@]2(COC(N)=N2)c2cc(C4=CCOCC4)ncc2O3)c1,5.23,0.0,1
CHEMBL2581,CC#Cc1cncc(-c2ccc3c(c2)[C@@]2(COC(N)=N2)c2cc(Cl)ncc2O3)c1,4.14,0.0,1
CHEMBL2581,CC#Cc1cncc(-c2ccc3c(c2)[C@@]2(N=C(C)C(N)=N2)[C@]2(CC[C@@H](OC)CC2)C3)c1,4.79,0.0,1
CHEMBL2581,CC#Cc1cncc(-c2csc(C3(C)CC4(CCC(F)(F)CC4)OC(N)=N3)c2)c1,5.2,0.0,1
CHEMBL2581,CC#Cc1cncc(-c2csc(C3(C)CC4(CCC4)OC(N)=N3)c2)c1,5.1,0.0,1
CHEMBL2581,CC#Cc1cncc(-c2csc(C3(C)CC4(CCOCC4)OC(N)=N3)c2)c1,5.35,0.0,1
CHEMBL2581,CC#Cc1cncc(-c2csc(C3(C)CC4(CCOCC4)SC(N)=N3)c2)c1,5.73,0.0,1
CHEMBL2581,CC#Cc1cncc(-c2csc(C3(C)N=C(N)OC4(CCOCC4)C3(F)F)c2)c1,5.26,0.0,1
CHEMBL2581,CC#Cc1cncc(-c2csc([C@@]3(C)CC4(CCOCC4)OC(N)=N3)c2)c1,5.28,0.0,1
CHEMBL2581,CC#Cc1cncc(-c2csc([C@]3(C)CC4(CCC(F)(F)CC4)OC(N)=N3)c2)c1,5.25,0.0,1
CHEMBL2581,CC#Cc1cncc(-c2csc([C@]3(C)CC4(CCOCC4)OC(N)=N3)c2)c1,4.83,0.0,1
CHEMBL2581,CC(=O)N(c1ccccc1)c1cccc(C(=O)N[C@@H](Cc2ccccc2)[C@H](O)CN[C@@H](C)C(=O)NC2CCCCC2)c1,5.21,0.0,1
CHEMBL2581,CC(=O)N1CCC(CN2C(=O)C3(CC(C)(C)Oc4ccc(-c5cccc(Cl)c5)cc43)N=C2N)CC1,7.68,0.0,1
CHEMBL2581,CC(=O)NC(C)(C)[C@H]1CCC[C@@H](C(=O)N[C@@H](Cc2ccccc2)[C@@H](O)CNCc2cccc(C(C)C)c2)C1,5.1,0.0,1
CHEMBL2581,CC(=O)N[C@@H](Cc1cc(F)cc(F)c1)[C@H](O)CNC(C)(C)c1cccc(C(C)(C)C)c1,6.21,0.0,1
CHEMBL2581,CC(=O)N[C@@H](Cc1cc(F)cc(F)c1)[C@H](O)CNC1(c2cc(Br)cc(C(C)(C)C)c2)CCCCC1,7.38,0.0,1
CHEMBL2581,CC(=O)N[C@@H](Cc1cc(F)cc(F)c1)[C@H](O)CNC1(c2cc(C(C)(C)C)ccn2)CC1,6.07,0.0,1
CHEMBL2581,CC(=O)N[C@@H](Cc1cc(F)cc(F)c1)[C@H](O)CNC1(c2cc(C(C)(C)C)cs2)CCCCC1,7.5,0.0,1
CHEMBL2581,CC(=O)N[C@@H](Cc1cc(F)cc(F)c1)[C@H](O)CNC1(c2cc(C(C)(C)C)ncn2)CCCCC1,6.605,0.007071067811866266,2
CHEMBL2581,CC(=O)N[C@@H](Cc1cc(F)cc(F)c1)[C@H](O)CNC1(c2cc(C(C)(C)C)no2)CCCCC1,6.58,0.0,1
CHEMBL2581,CC(=O)N[C@@H](Cc1cc(F)cc(F)c1)[C@H](O)CNC1(c2cc(C(C)=O)cc(C(C)(C)C)c2)CCCCC1,7.35,0.0,1
CHEMBL2581,CC(=O)N[C@@H](Cc1cc(F)cc(F)c1)[C@H](O)CNC1(c2cc(C(C)C)cs2)CCCCC1,7.4,0.0,1
CHEMBL2581,CC(=O)N[C@@H](Cc1cc(F)cc(F)c1)[C@H](O)CNC1(c2cc(C)cc(C(C)(C)C)c2)CCCCC1,7.17,0.0,1
CHEMBL2581,CC(=O)N[C@@H](Cc1cc(F)cc(F)c1)[C@H](O)CNC1(c2cc(CC(C)(C)C)c[n+]([O-])c2)CC1,5.98,0.0,1
CHEMBL2581,CC(=O)N[C@@H](Cc1cc(F)cc(F)c1)[C@H](O)CNC1(c2cc(CC(C)(C)C)cs2)CC1,6.4,0.0,1
CHEMBL2581,CC(=O)N[C@@H](Cc1cc(F)cc(F)c1)[C@H](O)CNC1(c2cc(CC(C)(C)C)cs2)CCCCC1,8.05,0.0,1
CHEMBL2581,CC(=O)N[C@@H](Cc1cc(F)cc(F)c1)[C@H](O)CNC1(c2cc(CC(C)(C)C)no2)CCCCC1,7.85,0.0,1
CHEMBL2581,CC(=O)N[C@@H](Cc1cc(F)cc(F)c1)[C@H](O)CNC1(c2cc(F)cc(C(C)(C)C)c2)CCCCC1,7.62,0.0,1
CHEMBL2581,CC(=O)N[C@@H](Cc1cc(F)cc(F)c1)[C@H](O)CNC1(c2cc(I)cc(C(C)(C)C)c2)CCCCC1,7.26,0.0,1
CHEMBL2581,CC(=O)N[C@@H](Cc1cc(F)cc(F)c1)[C@H](O)CNC1(c2cc(N)cc(C(C)(C)C)c2)CCCCC1,6.98,0.0,1
CHEMBL2581,CC(=O)N[C@@H](Cc1cc(F)cc(F)c1)[C@H](O)CNC1(c2cc(NS(C)(=O)=O)cc(C(C)(C)C)c2)CCCCC1,7.92,0.0,1
CHEMBL2581,CC(=O)N[C@@H](Cc1cc(F)cc(F)c1)[C@H](O)CNC1(c2cc(O)cc(C(C)(C)C)c2)CCCCC1,7.05,0.0,1
CHEMBL2581,CC(=O)N[C@@H](Cc1cc(F)cc(F)c1)[C@H](O)CNC1(c2ccc(Br)c(C(C)(C)C)c2)CCCCC1,5.82,0.0,1
CHEMBL2581,CC(=O)N[C@@H](Cc1cc(F)cc(F)c1)[C@H](O)CNC1(c2ccc(C(C)C)s2)CCCCC1,6.39,0.0,1
CHEMBL2581,CC(=O)N[C@@H](Cc1cc(F)cc(F)c1)[C@H](O)CNC1(c2ccc(CC(C)(C)C)s2)CC1,5.76,0.0,1
CHEMBL2581,CC(=O)N[C@@H](Cc1cc(F)cc(F)c1)[C@H](O)CNC1(c2cccc(-n3cccn3)c2)CC1,6.12,0.0,1
CHEMBL2581,CC(=O)N[C@@H](Cc1cc(F)cc(F)c1)[C@H](O)CNC1(c2cccc(-n3cccn3)c2)CCCCC1,7.66,0.0,1
CHEMBL2581,CC(=O)N[C@@H](Cc1cc(F)cc(F)c1)[C@H](O)CNC1(c2cccc(-n3cccn3)c2)CCCOC1,6.77,0.0,1
CHEMBL2581,CC(=O)N[C@@H](Cc1cc(F)cc(F)c1)[C@H](O)CNC1(c2cccc(-n3cccn3)c2)CCOC1,5.31,0.0,1
CHEMBL2581,CC(=O)N[C@@H](Cc1cc(F)cc(F)c1)[C@H](O)CNC1(c2cccc(-n3cccn3)c2)CCOCC1,6.8,0.0,1
CHEMBL2581,CC(=O)N[C@@H](Cc1cc(F)cc(F)c1)[C@H](O)CNC1(c2cccc(C(C)(C)C(F)F)c2)CC1,6.31,0.0,1
CHEMBL2581,CC(=O)N[C@@H](Cc1cc(F)cc(F)c1)[C@H](O)CNC1(c2cccc(C(C)(C)C)c2)CC1,6.6,0.0848528137423861,2
CHEMBL2581,CC(=O)N[C@@H](Cc1cc(F)cc(F)c1)[C@H](O)CNC1(c2cccc(C(C)(C)C)c2)CCC(=O)CC1,6.35,0.0,1
CHEMBL2581,CC(=O)N[C@@H](Cc1cc(F)cc(F)c1)[C@H](O)CNC1(c2cccc(C(C)(C)C)c2)CCC(=O)NC1,6.75,0.0,1
CHEMBL2581,CC(=O)N[C@@H](Cc1cc(F)cc(F)c1)[C@H](O)CNC1(c2cccc(C(C)(C)C)c2)CCC1,6.42,0.0,1
CHEMBL2581,CC(=O)N[C@@H](Cc1cc(F)cc(F)c1)[C@H](O)CNC1(c2cccc(C(C)(C)C)c2)CCCC1,6.89,0.0,1
CHEMBL2581,CC(=O)N[C@@H](Cc1cc(F)cc(F)c1)[C@H](O)CNC1(c2cccc(C(C)(C)C)c2)CCCCC1,7.609999999999999,0.01414213562373159,2
CHEMBL2581,CC(=O)N[C@@H](Cc1cc(F)cc(F)c1)[C@H](O)CNC1(c2cccc(C(C)(C)C)c2)CCCN(C(=O)OCc2ccccc2)C1,8.48,0.0,1
CHEMBL2581,CC(=O)N[C@@H](Cc1cc(F)cc(F)c1)[C@H](O)CNC1(c2cccc(C(C)(C)C)c2)CCCN(C(C)=O)C1,6.39,0.0,1
CHEMBL2581,CC(=O)N[C@@H](Cc1cc(F)cc(F)c1)[C@H](O)CNC1(c2cccc(C(C)(C)C)c2)CCCN(C(N)=O)C1,7.05,0.0,1
CHEMBL2581,CC(=O)N[C@@H](Cc1cc(F)cc(F)c1)[C@H](O)CNC1(c2cccc(C(C)(C)C)c2)CCCN(O)C1,6.17,0.0,1
CHEMBL2581,CC(=O)N[C@@H](Cc1cc(F)cc(F)c1)[C@H](O)CNC1(c2cccc(C(C)(C)C)c2)CCCNC1,5.63,0.0,1
CHEMBL2581,CC(=O)N[C@@H](Cc1cc(F)cc(F)c1)[C@H](O)CNC1(c2cccc(C(C)(C)C)c2)CCN(C(N)=O)CC1,5.37,0.0,1
CHEMBL2581,CC(=O)N[C@@H](Cc1cc(F)cc(F)c1)[C@H](O)CNC1(c2cccc(C(C)(C)C)c2)CCNC(=O)C1,6.220000000000001,0.36769552621700535,2
CHEMBL2581,CC(=O)N[C@@H](Cc1cc(F)cc(F)c1)[C@H](O)CNC1(c2cccc(C(C)(C)C)c2)CCOCC1,6.64,0.0,1
CHEMBL2581,CC(=O)N[C@@H](Cc1cc(F)cc(F)c1)[C@H](O)CNC1(c2cccc(C(C)(C)C)c2)CCc2n[nH]cc2C1,6.52,0.0,1
CHEMBL2581,CC(=O)N[C@@H](Cc1cc(F)cc(F)c1)[C@H](O)CNC1(c2cccc(C(C)(C)C)c2)CCc2nc(C)ncc2C1,6.04,0.0,1
CHEMBL2581,CC(=O)N[C@@H](Cc1cc(F)cc(F)c1)[C@H](O)CNC1(c2cccc(C(C)(C)C)c2)CCc2nc(N)ncc2C1,6.68,0.0,1
CHEMBL2581,CC(=O)N[C@@H](Cc1cc(F)cc(F)c1)[C@H](O)CNC1(c2cccc(C(C)(C)CF)c2)CC1,6.32,0.0,1
CHEMBL2581,CC(=O)N[C@@H](Cc1cc(F)cc(F)c1)[C@H](O)CNC1(c2cccc(C(C)(CF)CF)c2)CC1,6.3,0.0,1
CHEMBL2581,CC(=O)N[C@@H](Cc1cc(F)cc(F)c1)[C@H](O)CNC1(c2cccc(C3CCOC3)c2)CC1,6.32,0.0,1
CHEMBL2581,CC(=O)N[C@@H](Cc1cc(F)cc(F)c1)[C@H](O)CNC1(c2cccc(C3CCOC3)c2)CCCCC1,6.85,0.0,1
CHEMBL2581,CC(=O)N[C@@H](Cc1cc(F)cc(F)c1)[C@H](O)CNC1(c2cccc(C3CCOC3)c2)CCOCC1,6.82,0.0,1
CHEMBL2581,CC(=O)N[C@@H](Cc1cc(F)cc(F)c1)[C@H](O)CNC1(c2cccc(CC(C)(C)C)c2)CC1,6.42,0.0,1
CHEMBL2581,CC(=O)N[C@@H](Cc1cc(F)cc(F)c1)[C@H](O)CNC1(c2cccc(CC(C)(C)C)c2)CCCCC1,6.9,0.0,1
CHEMBL2581,CC(=O)N[C@@H](Cc1cc(F)cc(F)c1)[C@H](O)CNC1(c2cccs2)CCCCC1,5.36,0.0,1
CHEMBL2581,CC(=O)N[C@@H](Cc1cc(F)cc(F)c1)[C@H](O)CNC1(c2ccn(CC(C)(C)C)n2)CC1,5.51,0.0,1
CHEMBL2581,CC(=O)N[C@@H](Cc1cc(F)cc(F)c1)[C@H](O)CNC1(c2cn(C34CC5CC(CC(C5)C3)C4)nn2)CCCCC1,8.1,0.0,1
CHEMBL2581,CC(=O)N[C@@H](Cc1cc(F)cc(F)c1)[C@H](O)CNC1(c2cn(CC(C)(C)C)nn2)CC1,6.7,0.0,1
CHEMBL2581,CC(=O)N[C@@H](Cc1cc(F)cc(F)c1)[C@H](O)CNC1(c2cn(C[Si](C)(C)C)nn2)CCCCC1,7.92,0.0,1
CHEMBL2581,CC(=O)N[C@@H](Cc1cc(F)cc(F)c1)[C@H](O)CNC1(c2cncc(CC(C)(C)C)c2)CC1,6.28,0.0,1
CHEMBL2581,CC(=O)N[C@@H](Cc1cc(F)cc(F)c1)[C@H](O)CNC1(c2cnn(C(C)(C)C)c2)CCCCC1,6.85,0.0,1
CHEMBL2581,CC(=O)N[C@@H](Cc1cc(F)cc(F)c1)[C@H](O)CNC1(c2cnn(CC(C)(C)C)c2)CC1,6.14,0.0,1
CHEMBL2581,CC(=O)N[C@@H](Cc1cc(F)cc(F)c1)[C@H](O)CNC1(c2cnn(CC(C)(C)C)c2)CCCCC1,7.54,0.0,1
CHEMBL2581,CC(=O)N[C@@H](Cc1cc(F)cc(F)c1)[C@H](O)CNC1(c2csc(C(C)C)c2)CCCCC1,7.38,0.0,1
CHEMBL2581,CC(=O)N[C@@H](Cc1cc(F)cc(F)c1)[C@H](O)CNC1(c2csc(CC(C)(C)C)n2)CC1,5.71,0.0,1
CHEMBL2581,CC(=O)N[C@@H](Cc1cc(F)cc(F)c1)[C@H](O)CNC1(c2nc(C(C)(C)C)co2)CCCCC1,4.92,0.0,1
CHEMBL2581,CC(=O)N[C@@H](Cc1cc(F)cc(F)c1)[C@H](O)CNC1(c2nc(CC(C)(C)C)cs2)CC1,5.51,0.0,1
CHEMBL2581,CC(=O)N[C@@H](Cc1cc(F)cc(F)c1)[C@H](O)CNC1(c2ncc(C(C)(C)C)o2)CC1,5.46,0.0,1
CHEMBL2581,CC(=O)N[C@@H](Cc1cc(F)cc(F)c1)[C@H](O)CNC1(c2ncc(C(C)(C)C)o2)CCCCC1,6.51,0.0,1
CHEMBL2581,CC(=O)N[C@@H](Cc1cc(F)cc(F)c1)[C@H](O)CNCc1cccc(C(C)C)c1,5.33,0.0,1
CHEMBL2581,CC(=O)N[C@@H](Cc1cc(F)cc(F)c1)[C@H](O)CN[C@@]1(c2cccc(C(C)(C)C)c2)CC/C(=N/O)NC1,6.37,0.0,1
CHEMBL2581,CC(=O)N[C@@H](Cc1cc(F)cc(F)c1)[C@H](O)CN[C@@]1(c2cccc(C(C)(C)C)c2)CC[C@H](C#N)NC1,6.19,0.0,1
CHEMBL2581,CC(=O)N[C@@H](Cc1cc(F)cc(F)c1)[C@H](O)CN[C@@]1(c2cccc(C(C)(C)C)c2)CC[C@H](C(F)(F)F)NC1,7.55,0.0,1
CHEMBL2581,CC(=O)N[C@@H](Cc1cc(F)cc(F)c1)[C@H](O)CN[C@@]1(c2cccc(C(C)(C)C)c2)CC[C@H](C)NC1,7.1,0.0,1
CHEMBL2581,CC(=O)N[C@@H](Cc1cc(F)cc(F)c1)[C@H](O)CN[C@@]1(c2cccc(C(C)(C)C)c2)CC[C@H](N(O)C(C)=O)NC1,5.64,0.0,1
CHEMBL2581,CC(=O)N[C@@H](Cc1cc(F)cc(F)c1)[C@H](O)CN[C@@]1(c2cccc(C(C)(C)C)c2)CC[C@H](NO)NC1,5.41,0.0,1
CHEMBL2581,CC(=O)N[C@@H](Cc1cc(F)cc(F)c1)[C@H](O)CN[C@@]1(c2cccc(C(C)(C)C)c2)CC[C@H](NS(C)(=O)=O)NC1,5.14,0.0,1
CHEMBL2581,CC(=O)N[C@@H](Cc1cc(F)cc(F)c1)[C@H](O)CN[C@@]1(c2cccc(C(C)(C)C)c2)CC[C@H](Nc2ccccn2)NC1,5.36,0.0,1
CHEMBL2581,CC(=O)N[C@@H](Cc1cc(F)cc(F)c1)[C@H](O)CN[C@@]1(c2cccc(C(C)(C)C)c2)CC[C@H](Nc2cccnc2)NC1,5.01,0.0,1
CHEMBL2581,CC(=O)N[C@@H](Cc1cc(F)cc(F)c1)[C@H](O)CN[C@@]1(c2cccc(C(C)(C)C)c2)CC[C@H](Nc2cccs2)NC1,5.51,0.0,1
CHEMBL2581,CC(=O)N[C@@H](Cc1cc(F)cc(F)c1)[C@H](O)CN[C@@]1(c2cccc(C(C)(C)C)c2)CC[C@H](S(C)(=O)=O)NC1,5.64,0.0,1
CHEMBL2581,CC(=O)N[C@@H](Cc1cc(F)cc(F)c1)[C@H](O)CN[C@H]1CC(C)(C)Oc2ccc(CC(C)(C)C#N)cc21,8.1,0.0,1
CHEMBL2581,CC(=O)N[C@@H](Cc1cc(F)cc(F)c1)[C@H](O)CN[C@H]1CC(C)(C)Oc2ccc(CC(C)(C)C)cc21,7.75,0.0,1
CHEMBL2581,CC(=O)N[C@@H](Cc1cc(F)cc(F)c1)[C@H](O)CN[C@H]1CC(C)(C)Oc2ccc(CC(C)(F)F)cc21,7.8,0.0,1
CHEMBL2581,CC(=O)N[C@@H](Cc1cc(F)cc(F)c1)[C@H](O)CN[C@H]1CC(C)(C)Oc2ccc(OC(C)(C)C)cc21,6.43,0.0,1
CHEMBL2581,CC(=O)N[C@@H](Cc1cc(F)cc(F)c1)[C@H](O)CN[C@H]1CC(C)(C)Oc2ccc(OC(F)(F)F)cc21,7.23,0.0,1
CHEMBL2581,CC(=O)N[C@@H](Cc1cc(F)cc(F)c1)[C@H](O)CN[C@H]1CC2(CC2)Oc2ccc(CC(C)(C)C)cc21,8.22,0.0,1
CHEMBL2581,CC(=O)N[C@@H](Cc1cc(F)cc(F)c1)[C@H](O)CN[C@H]1CC2(CCC2)Oc2ncc(CC(C)(C)C)cc21,8.7,0.0,1
CHEMBL2581,CC(=O)N[C@@H](Cc1cc(F)cc(F)c1)[C@H](O)CN[C@H]1CC2(COC2)Oc2ccc(CC(C)(C)C)cc21,4.65,0.0,1
CHEMBL2581,CC(=O)N[C@@H](Cc1cc(F)cc(F)c1)[C@H](O)CN[C@H]1CCCc2ccc(C(C)(C)C)cc21,7.13,0.0,1
CHEMBL2581,CC(=O)N[C@@H](Cc1cc(F)cc(F)c1)[C@H](O)CN[C@H]1CCCc2ccc(CC(C)(C)C)cc21,8.1,0.0,1
CHEMBL2581,CC(=O)N[C@@H](Cc1cc(F)cc(F)c1)[C@H](O)CN[C@H]1CCCc2ccc(Cc3ccccc3)cc21,6.6,0.0,1
CHEMBL2581,CC(=O)N[C@@H](Cc1cc(F)cc(F)c1)[C@H](O)CN[C@H]1CCN(C)c2ccc(CC(C)(C)C)cc21,7.17,0.0,1
CHEMBL2581,CC(=O)N[C@@H](Cc1cc(F)cc(F)c1)[C@H](O)CN[C@H]1CCOc2ccc(CC(C)(C)C#N)cc21,7.16,0.0,1
CHEMBL2581,CC(=O)N[C@@H](Cc1cc(F)cc(F)c1)[C@H](O)CN[C@H]1CCOc2ccc(CC(C)(C)C(F)F)cc21,6.32,0.0,1
CHEMBL2581,CC(=O)N[C@@H](Cc1cc(F)cc(F)c1)[C@H](O)CN[C@H]1CCOc2ccc(CC(C)(C)C)cc21,7.92,0.0,1
CHEMBL2581,CC(=O)N[C@@H](Cc1cc(F)cc(F)c1)[C@H](O)CN[C@H]1CCOc2ccc(CC(C)(C)F)cc21,7.1,0.0,1
CHEMBL2581,CC(=O)N[C@@H](Cc1cc(F)cc(F)c1)[C@H](O)CN[C@H]1CCOc2ccc(CC(C)(F)F)cc21,6.84,0.0,1
CHEMBL2581,CC(=O)N[C@@H](Cc1cc(F)cc(F)c1)[C@H](O)CN[C@H]1CCOc2ccc(OC(C)C)cc21,6.37,0.0,1
CHEMBL2581,CC(=O)N[C@@H](Cc1cc(F)cc(F)c1)[C@H](O)CN[C@H]1CCOc2ccc(OC3CCCC3)cc21,6.84,0.0,1
CHEMBL2581,CC(=O)N[C@@H](Cc1cc(F)cc(F)c1)[C@H](O)CN[C@H]1CCOc2ccc(OC3CCCO3)cc21,6.54,0.0,1
CHEMBL2581,CC(=O)N[C@@H](Cc1cc(F)cc(F)c1)[C@H](O)CN[C@H]1CCOc2ccc(OC3CCOC3)cc21,6.59,0.0,1
CHEMBL2581,CC(=O)N[C@@H](Cc1cc(F)cc(F)c1)[C@H](O)CN[C@H]1CS(=O)(=O)Cc2ccc(C(C)C)cc21,6.03,0.0,1
CHEMBL2581,CC(=O)N[C@@H](Cc1cc(F)cc(F)c1)[C@H](O)CN[C@H]1CS(=O)(=O)Cc2ccc(CC(C)(C)C)cc21,6.44,0.0,1
CHEMBL2581,CC(=O)N[C@@H](Cc1cc(F)cc(F)c1)[C@H](O)CN[C@]1(c2cccc(C(C)(C)C)c2)CC[C@@H](CO)CC1,6.48,0.0,1
CHEMBL2581,CC(=O)N[C@@H](Cc1cc(F)cc(F)c1)[C@H](O)CN[C@]1(c2cccc(C(C)(C)C)c2)CC[C@@H](O)CC1,5.85,0.0,1
CHEMBL2581,CC(=O)N[C@@H](Cc1ccc(F)c(F)c1)[C@H](O)CN[C@H]1C[C@]2(C[C@@H](C)C2)Oc2ncc(CC(C)(C)C)cc21,8.4,0.0,1
CHEMBL2581,CC(=O)N[C@@H](Cc1ccc(F)c(F)c1)[C@H](O)CN[C@H]1C[C@]2(C[C@H](C)C2)Oc2ncc(CC(C)(C)C)cc21,7.77,0.0,1
CHEMBL2581,CC(=O)N[C@@H](Cc1ccc(F)cc1)[C@H](O)CN[C@H]1CC2(CC(F)(F)C2)Oc2ncc(CC(C)(C)C)cc21,7.96,0.0,1
CHEMBL2581,CC(=O)N[C@@H](Cc1ccc(F)cc1)[C@H](O)CN[C@H]1CC2(CCC2)Oc2ncc(CC(C)(C)C)cc21,8.52,0.0,1
CHEMBL2581,CC(=O)N[C@@H](Cc1ccc(F)cc1)[C@H](O)CN[C@H]1C[C@@]2(CC[C@H]2C)Oc2ncc(CC(C)(C)C)cc21,4.69,0.0,1
CHEMBL2581,CC(=O)N[C@@H](Cc1ccc(F)cc1)[C@H](O)CN[C@H]1C[C@]2(CC[C@@H]2C)Oc2ncc(CC(C)(C)C)cc21,8.3,0.0,1
CHEMBL2581,CC(=O)N[C@@H](Cc1ccc(F)cc1)[C@H](O)CN[C@H]1C[C@]2(CC[C@H]2C)Oc2ncc(CC(C)(C)C)cc21,7.34,0.0,1
CHEMBL2581,CC(=O)N[C@@H](Cc1ccc(F)cc1)[C@H](O)CN[C@H]1C[C@]2(C[C@@H](C)C2)Oc2ncc(CC(C)(C)C)cc21,8.1,0.0,1
CHEMBL2581,CC(=O)N[C@@H](Cc1ccc(F)cc1)[C@H](O)CN[C@H]1C[C@]2(C[C@@H](F)C2)Oc2ncc(CC(C)(C)C)cc21,8.1,0.0,1
CHEMBL2581,CC(=O)N[C@@H](Cc1ccc(F)cc1)[C@H](O)CN[C@H]1C[C@]2(C[C@@H](O)C2)Oc2ncc(CC(C)(C)C)cc21,5.78,0.0,1
CHEMBL2581,CC(=O)N[C@@H](Cc1ccc(F)cc1)[C@H](O)CN[C@H]1C[C@]2(C[C@H](C)C2)Oc2ncc(CC(C)(C)C)cc21,7.42,0.0,1
CHEMBL2581,CC(=O)N[C@@H](Cc1ccc(F)cc1)[C@H](O)CN[C@H]1C[C@]2(C[C@H](F)C2)Oc2ncc(CC(C)(C)C)cc21,7.85,0.0,1
CHEMBL2581,CC(=O)N[C@@H](Cc1ccc(F)cc1)[C@H](O)CN[C@H]1C[C@]2(C[C@H](O)C2)Oc2ncc(CC(C)(C)C)cc21,6.24,0.0,1
CHEMBL2581,CC(=O)N[C@@H](Cc1cccc(F)c1)[C@H](O)CN[C@H]1CC2(CCC2)Oc2ncc(CC(C)(C)C)cc21,8.4,0.0,1
CHEMBL2581,CC(=O)N[C@@H](Cc1cccc(F)c1)[C@H](O)CN[C@H]1C[C@]2(C[C@@H](F)C2)Oc2ncc(CC(C)(C)C)cc21,7.92,0.0,1
CHEMBL2581,CC(=O)N[C@@H](Cc1cccc(F)c1)[C@H](O)CN[C@H]1C[C@]2(C[C@H](F)C2)Oc2ncc(CC(C)(C)C)cc21,7.66,0.0,1
CHEMBL2581,CC(=O)N[C@@H](Cc1ccccc1)[C@H](O)CN[C@H]1CC2(CCC2)Oc2ncc(CC(C)(C)C)cc21,8.35,0.0,1
CHEMBL2581,CC(=O)N[C@H](C(=O)N[C@@H](Cc1ccccc1)[C@@H](O)CN(CC1CCCCC1)NC(=O)[C@@H](NC(C)=O)C(C)C)C(C)C,5.12,0.0,1
CHEMBL2581,CC(=O)c1ccc(COc2ccc(/C=C3\SC(=S)NC3=O)cc2)cc1O,4.85,0.0,1
CHEMBL2581,CC(=O)c1ccc(Oc2ccc(-c3ccc(-c4ccccc4Cl)n3CC(=O)NC(=N)N)cc2)cc1,4.904999999999999,0.2616295090390223,2
CHEMBL2581,CC(C)(C)CCNC(=O)CCc1cc2cc(-c3ccccc3C#CC3CC(NC(=O)c4ccc(F)cc4)C3)ccc2nc1N,6.71,0.0,1
CHEMBL2581,CC(C)(C)CCNC(=O)CCc1cc2cc(-c3ccccc3C#CCC3(NC(=O)c4ccc(F)cc4)CC3)ccc2nc1N,7.0,0.0,1
CHEMBL2581,CC(C)(C)CCNC(=O)CCc1cc2cc(-c3ccccc3C#Cc3ccc(NC(=O)c4ccc(F)cc4)cn3)ccc2nc1N,7.24,0.0,1
CHEMBL2581,CC(C)(C)CCNC(=O)CCc1cc2cc(-c3ccccc3CCc3ccc(NC(=O)c4ccc(F)cc4)cn3)ccc2nc1N,5.72,0.0,1
CHEMBL2581,CC(C)(C)COc1ccc2c(c1)[C@]1(COC(N)=N1)c1cc(-c3cncnc3)ccc1O2,5.96,0.0,1
CHEMBL2581,CC(C)(C)Cc1cc(CN[C@H]2CS(=O)(=O)C[C@@H](Cc3cc(F)c(N)c(OC(C(F)(F)F)C(F)(F)F)c3)[C@@H]2O)no1,6.29,0.0,1
CHEMBL2581,CC(C)(C)Cc1cnc2c(c1)[C@@H](NC[C@@H](O)[C@@H]1Cc3cccc(c3)CCCCCCC(=O)N1)CC1(CCC1)O2,8.37,0.0,1
CHEMBL2581,CC(C)(C)Cc1cnc2c(c1)[C@@H](NC[C@@H](O)[C@@H]1Cc3cccc(c3)CCCn3cc(ccc3=O)C(=O)N1)CC1(CCC1)O2,8.7,0.0,1
CHEMBL2581,CC(C)(C)Cc1cnc2c(c1)[C@@H](NC[C@@H](O)[C@H](Cc1ccc(F)cc1)NC(=O)CF)C[C@]1(C[C@H](O)C1)O2,6.46,0.0,1
CHEMBL2581,CC(C)(C)Cn1cc(CN[C@H]2CS(=O)(=O)C[C@@H](Cc3cc(F)c(N)c(OC(C(F)(F)F)C(F)(F)F)c3)[C@@H]2O)cn1,5.55,0.0,1
CHEMBL2581,CC(C)(C)O[C@H]1C[C@@H]1CN[C@H]1CS(=O)(=O)C[C@@H](Cc2cc(F)c(N)c(OC(C(F)(F)F)C(F)(F)F)c2)[C@@H]1O,5.43,0.0,1
CHEMBL2581,CC(C)(C)c1cccc(CN[C@H]2CS(=O)(=O)C[C@@H](Cc3cc(F)c(N)c(-c4cc[nH]n4)c3)[C@@H]2O)c1,6.22,0.0,1
CHEMBL2581,CC(C)(C)c1cccc(CN[C@H]2CS(=O)(=O)C[C@@H](Cc3cc(F)c(N)c(-c4ccco4)c3)[C@@H]2O)c1,6.44,0.0,1
CHEMBL2581,CC(C)(C)c1cccc(CN[C@H]2CS(=O)(=O)C[C@@H](Cc3cc(F)c(N)c(-c4ccoc4)c3)[C@@H]2O)c1,6.29,0.0,1
CHEMBL2581,CC(C)(C)c1cccc(CN[C@H]2CS(=O)(=O)C[C@@H](Cc3cc(F)c(N)c(Br)c3)[C@@H]2O)c1,6.47,0.0,1
CHEMBL2581,CC(C)(C)c1cccc(CN[C@H]2CS(=O)(=O)C[C@@H](Cc3cc(F)c(N)c(C4CC4)c3)[C@@H]2O)c1,5.76,0.0,1
CHEMBL2581,CC(C)(C)c1cccc(CN[C@H]2CS(=O)(=O)C[C@@H](Cc3cc(F)c(N)c(CCC(F)(F)F)c3)[C@@H]2O)c1,6.01,0.0,1
CHEMBL2581,CC(C)(C)c1cccc(CN[C@H]2CS(=O)(=O)C[C@@H](Cc3cc(F)c(N)c(C[C@H](O)C(F)(F)F)c3)[C@@H]2O)c1,5.98,0.0,1
CHEMBL2581,CC(C)(C)c1cccc(CN[C@H]2CS(=O)(=O)C[C@@H](Cc3cc(F)c(N)c(OC(C(F)(F)F)C(F)(F)F)c3)[C@@H]2O)c1,6.35,0.0,1
CHEMBL2581,CC(C)(C)c1cccc(CN[C@H]2CS(=O)(=O)C[C@@H](Cc3cc(F)c(N)c(OC4CCC4)c3)[C@@H]2O)c1,6.41,0.0,1
CHEMBL2581,CC(C)(C)c1cccc(CN[C@H]2CS(=O)(=O)C[C@@H](Cc3cc(F)c(N)c(OC4COC4)c3)[C@@H]2O)c1,5.94,0.0,1
CHEMBL2581,CC(C)(C)c1cccc(CN[C@H]2CS(=O)(=O)C[C@@H](Cc3cc(F)c(N)c(OCC(F)(F)F)c3)[C@@H]2O)c1,6.16,0.0,1
CHEMBL2581,CC(C)(C)c1cccc(CN[C@H]2CS(=O)(=O)C[C@@H](Cc3cc(F)c(N)c(OCC(F)F)c3)[C@@H]2O)c1,6.17,0.0,1
CHEMBL2581,CC(C)(C)c1cccc(CN[C@H]2CS(=O)(=O)C[C@@H](Cc3cc(F)c(N)c(OCCC(F)(F)F)c3)[C@@H]2O)c1,5.62,0.0,1
CHEMBL2581,CC(C)(C)c1cccc(CN[C@H]2CS(=O)(=O)C[C@@H](Cc3cc(F)c(N)c(OCCF)c3)[C@@H]2O)c1,5.7,0.0,1
CHEMBL2581,CC(C)(C)c1cccc(CN[C@H]2CS(=O)(=O)C[C@@H](Cc3cc(F)c4c(c3)C3(CCC(F)(F)CC3)CN4)[C@@H]2O)c1,5.76,0.0,1
CHEMBL2581,CC(C)(C)c1cccc(CN[C@H]2CS(=O)(=O)C[C@@H](Cc3cc(F)c4c(c3)C3(CCC3)CN4)[C@@H]2O)c1,5.76,0.0,1
CHEMBL2581,CC(C)(C)c1cccc(CN[C@H]2CS(=O)(=O)C[C@@H](Cc3cc(O)c(N)c(F)c3)[C@@H]2O)c1,6.27,0.0,1
CHEMBL2581,CC(C)(C)c1cccc(CN[C@H]2CS(=O)(=O)C[C@@H](Cc3ccc(N)c(Br)c3)[C@@H]2O)c1,6.14,0.0,1
CHEMBL2581,CC(C)(C)c1cccc(CN[C@H]2CS(=O)(=O)C[C@@H](Cc3ccc(N)c(F)c3)[C@@H]2O)c1,5.6,0.0,1
CHEMBL2581,CC(C)(C)c1cccc(CN[C@H]2CS(=O)(=O)C[C@@H](Cc3ccc(N)c(OC(F)(F)F)c3)[C@@H]2O)c1,5.1,0.0,1
CHEMBL2581,CC(C)(C)c1cccc(CN[C@H]2CS(=O)(=O)C[C@@H](Cc3ccc(N)c(OCC(F)(F)F)c3)[C@@H]2O)c1,5.36,0.0,1
CHEMBL2581,CC(C)(C)c1cccc(CN[C@H]2CS(=O)(=O)C[C@@H](Cc3ccc(O)c(Br)c3)[C@@H]2O)c1,6.38,0.0,1
CHEMBL2581,CC(C)(C)c1cccc(CN[C@H]2CS(=O)(=O)C[C@@H](Cc3ccc4[nH]cc(CC(F)(F)F)c4c3)[C@@H]2O)c1,5.83,0.0,1
CHEMBL2581,CC(C)(C)c1cccc(CN[C@H]2CS(=O)(=O)C[C@@H](Cc3ccc4[nH]cc(CC(F)F)c4c3)[C@@H]2O)c1,5.91,0.0,1
CHEMBL2581,CC(C)(C)c1cccc(CN[C@H]2CS(=O)(=O)C[C@@H](Cc3ccc4[nH]ccc4c3)[C@@H]2O)c1,5.26,0.0,1
CHEMBL2581,CC(C)(C)c1cccc(CN[C@H]2CS(=O)(=O)C[C@@H](Cc3ccc4[nH]ncc4c3)[C@@H]2O)c1,5.43,0.0,1
CHEMBL2581,CC(C)(C)c1cccc(CN[C@H]2C[S@+]([O-])C[C@@H](Cc3cc(F)c(N)c(OC(C(F)(F)F)C(F)(F)F)c3)[C@@H]2O)c1,6.06,0.0,1
CHEMBL2581,CC(C)(C)c1cccc(CN[C@H]2C[S@+]([O-])C[C@@H](Cc3cc(F)c(N)c(OCC(F)(F)F)c3)[C@@H]2O)c1,5.92,0.0,1
CHEMBL2581,CC(C)(C)c1cccc(CN[C@H]2C[S@+]([O-])C[C@@H](Cc3cc(F)c(N)c(O[C@H](CO)C(F)(F)F)c3)[C@@H]2O)c1,5.61,0.0,1
CHEMBL2581,CC(C)(C)c1cccc(CN[C@H]2C[S@+]([O-])C[C@@H](Cc3cc(O)c(N)c(F)c3)[C@@H]2O)c1,5.75,0.0,1
CHEMBL2581,CC(C)(C)c1ccnc(CN[C@H]2CS(=O)(=O)C[C@@H](Cc3cc(F)c(N)c(OC(C(F)(F)F)C(F)(F)F)c3)[C@@H]2O)c1,5.51,0.0,1
CHEMBL2581,CC(C)(CO)c1cccc(CN[C@H]2CS(=O)(=O)C[C@@H](Cc3cc(F)c(N)c(OC(C(F)(F)F)C(F)(F)F)c3)[C@@H]2O)c1,6.22,0.0,1
CHEMBL2581,CC(C)(O)c1cccc(CN[C@H]2CS(=O)(=O)C[C@@H](Cc3cc(F)c(N)c(OC(C(F)(F)F)C(F)(F)F)c3)[C@@H]2O)c1,5.88,0.0,1
CHEMBL2581,CC(C)C#Cc1cccc([C@@]2(c3ccc(OC(F)F)cc3)N=C(N)N(C)C2=O)c1,5.32,0.0,1
CHEMBL2581,CC(C)C(NC(=O)C[C@@H]1O[C@@H]1[C@H](Cc1ccccc1)NC(=O)C(CC(N)=O)NC(=O)c1ccc2ccccc2n1)C(C)C,4.9,0.0,1
CHEMBL2581,CC(C)CC(=O)N[C@@H](C(=O)N[C@H](C(=O)N[C@@H](CC(C)C)[C@@H](O)CC(=O)N[C@@H](C)C(=O)N[C@@H](CC(C)C)[C@@H](O)CC(=O)O)C(C)C)C(C)C,8.7,0.0,1
CHEMBL2581,CC(C)CC(=O)N[C@@H](C(=O)N[C@H](C(=O)N[C@@H](CCSC(F)(F)F)[C@@H](O)CC(=O)N[C@@H](C)C(=O)N[C@@H](CC(C)C)[C@@H](O)CC(=O)O)C(C)C)C(C)C,7.14,0.0,1
CHEMBL2581,CC(C)CC(=O)N[C@@H](CCSC(F)(F)F)C(=O)N[C@H](C(=O)N[C@@H](CC(C)C)[C@@H](O)CC(=O)N[C@@H](C)C(=O)N[C@@H](CC(C)C)[C@@H](O)CC(=O)O)C(C)C,7.24,0.0,1
CHEMBL2581,CC(C)CC(=O)N[C@H](C(=O)N[C@H](C(=O)N[C@@H](CC(C)C)[C@@H](O)CC(=O)N[C@@H](C)C(=O)N[C@@H](CC(C)C)[C@@H](O)CC(=O)O)C(C)C)C(C)C,9.424000000000001,0.6307772982598542,5
CHEMBL2581,CC(C)CC(=O)N[C@H](CCSC(F)(F)F)C(=O)N[C@H](C(=O)N[C@@H](CC(C)C)[C@@H](O)CC(=O)N[C@@H](C)C(=O)N[C@@H](CC(C)C)[C@@H](O)CC(=O)O)C(C)C,9.4,0.0,1
CHEMBL2581,CC(C)CCCC(C)NC[C@@H](O)[C@H](Cc1ccccc1)NC(=O)c1cccc(N(c2ccccc2)S(C)(=O)=O)c1,6.68,0.0,1
CHEMBL2581,CC(C)CCn1cc(C2(c3cccc(-c4cccnc4F)c3)N=C(N)N(C)C2=O)cn1,6.08,0.0,1
CHEMBL2581,CC(C)CCn1cc(C2(c3cccc(-c4cncnc4)c3)N=C(N)N(C)C2=O)cn1,5.13,0.0,1
CHEMBL2581,CC(C)CN(C[C@@H](O)[C@H](Cc1ccccc1)NC(=O)O[C@H]1CCOC1)S(=O)(=O)c1ccc(N)cc1,4.82,0.0,1
CHEMBL2581,CC(C)CNc1cc(C(=O)N[C@@H](Cc2ccccc2)[C@H](O)CN[C@@H](C)C(=O)NC2CCCCC2)cc(N2CCCC2=O)c1,5.51,0.0,1
CHEMBL2581,CC(C)COc1ccc2c(c1)C1(CC(C)(C)O2)N=C(N)N(C)C1=O,4.77,0.0,1
CHEMBL2581,CC(C)COc1ccc2c(c1)[C@]1(COC(N)=N1)c1cc(-c3cncnc3)ccc1O2,5.35,0.0,1
CHEMBL2581,CC(C)C[C@H](NC(=O)C[C@H](O)[C@H](Cc1ccccc1)NC(=O)[C@H](CCC(N)=O)N(C)C(=O)[C@@H](NC(=O)[C@H](C)O)C(C)C)C(=O)N[C@@H](C)C(=O)N(C)[C@H](Cc1ccccc1)C(=O)NC(C)C,6.59,0.0,1
CHEMBL2581,CC(C)C[C@H](NC(=O)C[C@H](O)[C@H](Cc1ccccc1)NC(=O)[C@H](CCC(N)=O)N(C)C(=O)[C@@H](NC(=O)[C@H](C)O)C(C)C)C(=O)N[C@@H](C)C(=O)N(C)[C@H](Cc1ccccc1)C(=O)NCc1ccccc1,7.68,0.0,1
CHEMBL2581,CC(C)C[C@H](NC(=O)C[C@H](O)[C@H](Cc1ccccc1)NC(=O)[C@H](CCC(N)=O)N(C)C(=O)[C@@H](NC(=O)[C@H](C)O)C(C)C)C(=O)N[C@@H](C)C(=O)N(C)[C@H](Cc1ccccc1)C(=O)O,7.27,0.0,1
CHEMBL2581,CC(C)C[C@H](NC(=O)[C@@H](NC(=O)[C@H](CCCNC(=N)N)NC(=O)OCc1ccccc1)C(C)C)[C@@H](O)CC(=O)NC1CCCCC1,6.15,0.0,1
CHEMBL2581,CC(C)C[C@H](NC(=O)[C@@H](NC(=O)[C@H](CCCNC(=N)N)NS(=O)(=O)Cc1ccccc1)C(C)C)[C@@H](O)CC(=O)NCCc1ccccc1,4.5,0.0,1
CHEMBL2581,CC(C)C[C@H](NC(=O)[C@H](C)NC(=O)C[C@H](O)[C@H](CC(C)C)NC(=O)[C@@H](NC(=O)[C@@](C)(NC(=O)OCc1ccccc1)C(F)(F)F)C(C)C)[C@@H](O)CC(=O)O,7.19,0.0,1
CHEMBL2581,CC(C)C[C@H](NC(=O)[C@H](C)NC(=O)C[C@H](O)[C@H](CC(C)C)NC(=O)[C@@H](NC(=O)[C@](C)(NC(=O)OCc1ccccc1)C(F)(F)F)C(C)C)[C@@H](O)CC(=O)O,7.55,0.0,1
CHEMBL2581,CC(C)C[C@H](NC(=O)[C@H](C)NC(=O)C[C@H](O)[C@H](Cc1ccccc1)NC(=O)[C@@H](NC(=O)c1ccccn1)C(C)C)C(N)=O,7.68,0.0,1
CHEMBL2581,CC(C)C[C@H](NC(=O)[C@H](C)NC(=O)[C@H](CCCNC(=N)N)NC(=O)OCc1ccccc1)[C@@H](O)CC(=O)NCCc1ccccc1,4.54,0.0,1
CHEMBL2581,CC(C)C[C@H](NC(=O)[C@H](C)NC(=O)[C@H](CCc1ccccc1)NC(=O)OCc1ccccc1)[C@@H](O)CC(=O)NC1CCCCC1,7.37,0.0,1
CHEMBL2581,CC(C)C[C@H](NC(=O)[C@H](CC#N)NC(=O)C[C@H](O)[C@H](Cc1ccccc1)NC(=O)[C@@H](NC(=O)c1ccccn1)C(C)C)C(N)=O,7.3,0.0,1
CHEMBL2581,CC(C)C[C@H](NC(=O)[C@H](CC(N)=O)NC(=O)[C@@H](NC(=O)[C@@H](N)CCC(=O)O)C(C)C)[C@@H](O)C[C@@H](C)C(=O)N[C@@H](C)C(=O)N[C@@H](CCC(=O)O)C(=O)N[C@@H](Cc1ccccc1)C(=O)O,8.22,0.0,1
CHEMBL2581,CC(C)C[C@H](NC(=O)[C@H](CC(N)=O)NC(=O)[C@@H](NC(=O)[C@@H](N)CCC(=O)O)C(C)C)[C@@H](O)C[C@@H](C)C(=O)N[C@@H](C)C(=O)O,7.01,0.0,1
CHEMBL2581,CC(C)C[C@H](NC(=O)[C@H](CC(N)=O)NC(=O)[C@@H](NC(=O)[C@@H](N)CCC(=O)O)C(C)C)[C@@H](O)[C@@H]1CCC[C@H]1C(=O)N[C@@H](C)C(=O)N[C@@H](CCC(=O)O)C(=O)O,7.22,0.0,1
CHEMBL2581,CC(C)C[C@H](NC(=O)[C@H](CC(N)=O)NC(=O)[C@@H](NC(=O)[C@@H](N)CCC(=O)O)C(C)C)[C@@H](O)[C@@H]1CCC[C@H]1C(=O)N[C@@H](C)C(=O)O,5.22,0.0,1
CHEMBL2581,CC(C)C[C@H](NC(=O)[C@H](CCCNC(=N)N)NC(=O)OCc1ccccc1)C(=O)N[C@@H](CC(C)C)[C@@H](O)CC(=O)NC1CCCCC1,5.29,0.0,1
CHEMBL2581,CC(C)C[C@H](NC(=O)[C@H](CCl)NC(=O)C[C@H](O)[C@H](Cc1ccccc1)NC(=O)[C@@H](NC(=O)c1ccccn1)C(C)C)C(N)=O,7.3,0.0,1
CHEMBL2581,CC(C)C[C@H](NC(=O)[C@H](Cc1ccccc1)NC(=O)[C@H](CCCNC(=N)N)NC(=O)OCc1ccccc1)[C@@H](O)CC(=O)NC1CCCCC1,5.32,0.0,1
CHEMBL2581,CC(C)C[C@H](O)[C@H](O)[C@H](CC1CCCCC1)NC(=O)[C@@H](CC(=O)N(CC(=O)N(C)CCc1ccccn1)CC1CCCCC1)Cc1csc(N)n1,6.26,0.0,1
CHEMBL2581,CC(C)C[C@H]1C[C@H]2CSC(N)=N[C@@]2(c2ccc(F)cc2F)CO1,4.6,0.0,1
CHEMBL2581,CC(C)Cn1cc(C2(c3cccc(-c4cccnc4F)c3)N=C(N)N(C)C2=O)cn1,5.83,0.0,1
CHEMBL2581,CC(C)Cn1cc(C2(c3cccc(-c4cncnc4)c3)N=C(N)N(C)C2=O)cn1,4.95,0.0,1
CHEMBL2581,CC(C)Nc1cc(C(=O)N[C@@H](Cc2ccccc2)[C@H](O)CN[C@@H](C)C(=O)NC2CCCCC2)cc(N2CCCC2=O)c1,5.27,0.0,1
CHEMBL2581,CC(C)Oc1cc(C(=O)N[C@@H](Cc2ccccc2)[C@H](O)CN[C@@H](C)C(=O)NC2CCCCC2)cc(N2CCCC2=O)c1,4.91,0.0,1
CHEMBL2581,CC(C)Oc1cc(C[C@@H]2CS(=O)(=O)C[C@H](NCc3cccc(C(C)(C)C)c3)[C@H]2O)cc(F)c1N,5.65,0.0,1
CHEMBL2581,CC(C)Oc1cccc(-c2ccc3c(c2)C2(CC(C)(C)O3)N=C(N)N(C)C2=O)c1,6.37,0.0,1
CHEMBL2581,CC(C)Oc1cccc(CN[C@H]2CS(=O)(=O)C[C@@H](Cc3ccc(O)c(Br)c3)[C@@H]2O)c1,6.17,0.0,1
CHEMBL2581,CC(C)[C@H](NC(=O)[C@H](NCc1ccc(Cl)cc1)[C@H](O)[C@H](Cc1ccccc1)NC(=O)[C@@H](NC(=O)OCc1ccccc1)C(C)(C)C)C(=O)NCc1nc2ccccc2[nH]1,5.75,0.0,1
CHEMBL2581,CC(C)[C@H](NC(=O)[C@H](NCc1ccccc1)[C@H](O)[C@H](Cc1ccccc1)NC(=O)[C@@H](NC(=O)OCc1ccccc1)C(C)(C)C)C(=O)NCc1ccccc1,7.22,0.0,1
CHEMBL2581,CC(C)[C@H]1CC[C@@H](Cn2c(N)nc3cc(-c4ccccc4)ccc3c2=O)O1,4.6,0.0,1
CHEMBL2581,CC(C)c1cc(C(=O)N[C@@H](Cc2ccccc2)[C@H](O)CNCc2cccc(C(F)(F)F)c2)cc(N(c2ccccc2)S(C)(=O)=O)c1,6.28,0.0,1
CHEMBL2581,CC(C)c1ccc2c(c1)[C@@H](NC[C@@H](O)[C@@H]1C[C@H](C)CCCCCCCCC(=O)N(C)[C@@H](C)C(=O)N1)CC(C)(C)O2,9.0,0.0,1
CHEMBL2581,CC(C)c1cccc(CNC[C@@H](O)[C@@H]2C[C@H](C)CCCCCCCCC(=O)N(C)[C@@H](C)C(=O)N2)c1,5.85,0.0,1
CHEMBL2581,CC(C)c1cccc(CNC[C@H](O)[C@H](Cc2ccccc2)NC(=O)[C@@H]2CCC[C@H](C(C)(C)N3CCCC3=O)C2)c1,6.25,0.0,1
CHEMBL2581,CC(C)c1cccc(CNC[C@H](O)[C@H](Cc2ccccc2)NC(=O)[C@@H]2CCC[C@H](C(C)(C)N3CCCCC3=O)C2)c1,6.92,0.0,1
CHEMBL2581,CC(C)c1cccc(CN[C@H]2CS(=O)(=O)C[C@@H](Cc3ccc(O)c(Br)c3)[C@@H]2O)c1,5.92,0.0,1
CHEMBL2581,CC(C)c1cccc(CN[C@H]2CS(=O)(=O)C[C@@H](Cc3ccc(O)c(CCO)c3)[C@@H]2O)c1,5.77,0.0,1
CHEMBL2581,CC(C)c1cccc(CN[C@H]2CS(=O)(=O)C[C@@H](Cc3ccc(O)c(CO)c3)[C@@H]2O)c1,5.68,0.0,1
CHEMBL2581,CC(C)c1cccc(CN[C@H]2CS(=O)(=O)C[C@@H](Cc3ccc(O)cc3)[C@@H]2O)c1,5.27,0.0,1
CHEMBL2581,CC(C)c1cccc(CN[C@H]2CS(=O)(=O)C[C@@H](Cc3cccc(Br)c3)[C@@H]2O)c1,5.64,0.0,1
CHEMBL2581,CC(C)c1cccc(CN[C@H]2CS(=O)(=O)C[C@@H](Cc3ccccc3)[C@@H]2O)c1,5.72,0.0,1
CHEMBL2581,CC(C)n1cc(C2(c3ccc(F)c(-c4cccnc4F)c3)N=C(N)N(C)C2=O)cn1,5.31,0.0,1
CHEMBL2581,CC(C)n1cc(C2(c3ccc(F)c(-c4cncnc4)c3)N=C(N)N(C)C2=O)cn1,4.55,0.0,1
CHEMBL2581,CC(F)(F)c1cccc(CN[C@H]2CS(=O)(=O)C[C@@H](Cc3cc(F)c(N)c(Br)c3)[C@@H]2O)c1,5.38,0.0,1
CHEMBL2581,CC1(C#Cc2cnc3c(c2)[C@]2(COC(N)=N2)c2cc(-c4cccnc4F)ccc2O3)COC1,5.64,0.0,1
CHEMBL2581,CC1(C#Cc2cncc(-c3ccc4c(c3)[C@@]3(COC(N)=N3)c3cc(C5=CCOCC5)ncc3O4)c2)COC1,4.92,0.0,1
CHEMBL2581,CC1(C)C=C(c2cc3c(cn2)Oc2ccc(-c4cccnc4F)cc2[C@@]32COC(N)=N2)CCO1,6.15,0.0,1
CHEMBL2581,CC1(C)CC2(N=C(N)N(CC(F)(F)F)C2=O)c2cc(-c3cccc(Cl)c3)ccc2O1,6.38,0.0,1
CHEMBL2581,CC1(C)CN(c2cc3c(cn2)Oc2ccc(-c4cccnc4F)cc2[C@@]32COC(N)=N2)CCO1,6.28,0.0,1
CHEMBL2581,CC1(C)CN2C(N)=NC(c3ccc(OC(F)(F)F)cc3)(c3cccc(-c4cccnc4F)c3)C2=N1,4.48,0.0,1
CHEMBL2581,CC1(C)Cc2ccc(-c3cccnc3F)cc2C2(COC(N)=N2)C1,4.53,0.0,1
CHEMBL2581,CC1(C)Cc2ccc(-c3cncc(Cl)c3)cc2C2(CCSC(N)=N2)C1,4.36,0.0,1
CHEMBL2581,CC1(C)Cc2ccc(-c3cncc(Cl)c3)cc2C2(COC(N)=N2)C1,4.93,0.0,1
CHEMBL2581,CC1(C)Cc2ccc(-c3cncc(Cl)c3)cc2C2(CSC(N)=N2)C1,5.09,0.0,1
CHEMBL2581,CC1(C)Cc2ccc(-c3cncc(F)c3)cc2C2(COC(N)=N2)C1,4.31,0.0,1
CHEMBL2581,CC1(C)Cc2ccc(-c3cncnc3)cc2C2(COC(N)=N2)C1,4.22,0.0,1
CHEMBL2581,CC1(C)Cc2ccc(-c3cncnc3)cc2[C@@]2(COC(N)=N2)C1,4.05,0.0,1
CHEMBL2581,CC1(C)OCc2ccc(CN[C@H]3CS(=O)(=O)C[C@@H](Cc4cc(F)c(N)c(OC(C(F)(F)F)C(F)(F)F)c4)[C@@H]3O)cc21,5.82,0.0,1
CHEMBL2581,CC1(c2cc(NC(=O)c3ccc(Cl)cn3)ccc2F)CC2(CCOCC2)SC(N)=N1,4.97,0.0,1
CHEMBL2581,CC1(c2cc(NC(=O)c3ccc(Cl)cn3)ccc2F)N=C(N)OC2(CCOCC2)C1(F)F,4.71,0.0,1
CHEMBL2581,CC1(c2cc(NC(=O)c3ccc(F)cn3)ccc2F)CC2(CCOCC2)SC(N)=N1,4.81,0.0,1
CHEMBL2581,CC1=C(CCC(=O)O)c2cc3[nH]c(cc4[nH]c(cc5nc(cc1n2)C(C)=C5C(COC(=O)C1=CC1)OC(=O)C1=CC1)c(C)c4C(COC(=O)C1=CC1)OC(=O)C1=CC1)c(C)c3CCC(=O)O,5.0,0.0,1
CHEMBL2581,CCC(=O)N(C)C(C)(C)[C@H]1CCC[C@@H](C(=O)N[C@@H](Cc2ccccc2)[C@@H](O)CNCc2cccc(C(C)C)c2)C1,6.39,0.0,1
CHEMBL2581,CCC(=O)NC(C)(C)[C@H]1CCC[C@@H](C(=O)N[C@@H](Cc2ccccc2)[C@@H](O)CNCc2cccc(C(C)C)c2)C1,5.15,0.0,1
CHEMBL2581,CCC(=O)c1cc(C2(c3cccc(-c4cccnc4F)c3)N=C(N)N(C)C2=O)cs1,5.39,0.0,1
CHEMBL2581,CCC(=O)c1cc(C2(c3cccc(-c4cncnc4)c3)N=C(N)N(C)C2=O)cs1,4.88,0.0,1
CHEMBL2581,CCC(=O)c1cc([C@@]2(c3cccc(-c4cccnc4F)c3)N=C(N)N(C)C2=O)cs1,4.11,0.0,1
CHEMBL2581,CCC(=O)c1cc([C@]2(c3cccc(-c4cccnc4F)c3)N=C(N)N(C)C2=O)cs1,5.6,0.0,1
CHEMBL2581,CCC(CC)Cn1cc(C2(c3cccc(-c4cccnc4F)c3)N=C(N)N(C)C2=O)cn1,5.85,0.0,1
CHEMBL2581,CCC(CN1C(=N)NC(c2ccccc2)(c2ccccc2)C1=O)c1ccccc1,6.42,0.0,1
CHEMBL2581,CCCC#Cc1cc([C@@]2(c3ccc(OC(F)F)c(C)c3)N=C(N)N(C)C2=O)ccc1F,5.67,0.0,1
CHEMBL2581,CCCC#Cc1cccc([C@@]2(c3ccc(OC(F)F)cc3)N=C(N)N(C)C2=O)c1,5.38,0.0,1
CHEMBL2581,CCCC(C)S(=O)(=O)CCC(=O)N[C@@H](Cc1ccccc1)[C@H](O)CNCc1cccc(OC)c1,4.96,0.0,1
CHEMBL2581,CCCC(CCC)S(=O)(=O)CC(NC(=O)OCc1ccccc1)C(=O)N[C@@H](Cc1ccccc1)[C@H](O)CNCc1cccc(OC)c1,7.17,0.0,1
CHEMBL2581,CCCC(CCC)S(=O)(=O)CCC(=O)N[C@@H](Cc1ccccc1)[C@H](O)CNCc1cccc(OC)c1,5.01,0.0,1
CHEMBL2581,CCCCCC(C)(C)NC[C@@H](O)[C@H](Cc1ccccc1)NC(=O)c1cc(NCC)cc(N2CCCC2=O)c1,4.97,0.0,1
CHEMBL2581,CCCCCCCCNC(=O)COc1ccc2ccccc2c1C(=O)c1cc(OC)c(OC)c(OC)c1,5.05,0.0,1
CHEMBL2581,CCCCCCCCc1cc(CCC(=O)O)c2c(=O)n(CC3CCCO3)c(N)nc2c1,6.37,0.0,1
CHEMBL2581,CCCCCCCCc1ccc(-c2ccc3c(=O)n(CC4CCCO4)c(N)nc3c2)cc1,5.57,0.0,1
CHEMBL2581,CCCCCCCCc1ccc(-c2ccc3c(=O)n(C[C@@H]4CC[C@H](c5ccccc5)O4)c(N)nc3c2)cc1,6.4,0.0,1
CHEMBL2581,CCCCCCc1ccc(S(=O)(=O)C2C3CCC(N3)C2NCc2ccc3ccccc3c2)cc1,5.69,0.0,1
CHEMBL2581,CCCCCOc1cc(C(=O)N[C@@H](Cc2ccccc2)[C@H](O)CN[C@@H](C)C(=O)NC2CCCCC2)cc(N2CCCC2=O)c1,6.37,0.0,1
CHEMBL2581,CCCCCOc1ccc(-c2ccc(-c3ccccc3Cl)n2Cc2ccc(NCCCO)c(N)n2)cc1,6.33,0.0,1
CHEMBL2581,CCCCCS(=O)(=O)c1cccc(C(=O)N[C@@H](Cc2ccccc2)[C@H](O)CN[C@@H](C)C(=O)NC2CCCCC2)c1,6.22,0.0,1
CHEMBL2581,CCCCCc1ccc(-c2cc(-c3ccc(C(=O)O)cc3)c3c(=O)n(CC4CCCO4)c(N)nc3c2)cc1,4.54,0.0,1
CHEMBL2581,CCCCCc1ccc(-c2cc(CCC(=O)O)c3c(=O)n(CC4CCCO4)c(N)nc3c2)cc1,4.68,0.0,1
CHEMBL2581,CCCCCc1ccc(-c2ccc3c(=O)n(CC4CCCO4)c(N)nc3c2)cc1,5.5,0.0,1
CHEMBL2581,CCCCCc1ccc(-c2ccc3c(=O)n(C[C@@H]4CC[C@H](c5ccccc5)O4)c(N)nc3c2)cc1,5.3,0.0,1
CHEMBL2581,CCCCCc1ccc(C(=O)N(Cc2ccc(-c3ccc(CC(=O)OC)cc3)cc2)C2CCN(Cc3ncc[nH]3)CC2)cc1,4.69,0.0,1
CHEMBL2581,CCCCCc1ccc(C(=O)N(Cc2ccc(-c3ccc(OC)c(OC)c3)cc2)C2CCN(CCC(C)C)CC2)cc1,5.28,0.0,1
CHEMBL2581,CCCCCc1ccc(C(=O)N(Cc2ccc(-c3ccc(OC)cc3)cc2)C2CCN(CCC(C)C)CC2)cc1,5.36,0.0,1
CHEMBL2581,CCCCCc1ccc(N(C[C@@H]2CCC(=O)C(F)(F)C2)C(=O)Cc2ccc3ccccc3c2)cc1,4.06,0.0,1
CHEMBL2581,CCCCCc1ccc(S(=O)(=O)C2C3NC(CC3CNC3CCCC3)C2NCc2ccc3ccccc3c2)cc1,5.7,0.0,1
CHEMBL2581,CCCCN(CCCC)S(=O)(=O)CCC(=O)N[C@@H](Cc1ccccc1)[C@H](O)CNCc1cccc(OC)c1,5.31,0.0,1
CHEMBL2581,CCCCNC(=O)/C=C/COc1ccc2ccccc2c1C(=O)c1cc(OC)c(OC)c(OC)c1,6.85,0.0,1
CHEMBL2581,CCCCNC(=O)CC(O)C(Cc1ccccc1)NC(=O)[C@@H](NC(=O)CN1CCC(C(N)=O)(c2ccccc2)CC1)[C@@H](C)CC,5.26,0.0,1
CHEMBL2581,CCCCNC(=O)CC(O)C(Cc1ccccc1)NC(=O)[C@@H](NC(=O)COc1ccc2ccccc2c1)[C@@H](C)CC,6.3,0.0,1
CHEMBL2581,CCCCNC(=O)CC(O)C(Cc1ccccc1)NC(=O)[C@@H](NC(=O)c1ccc(CN2CCCC2)cc1)[C@@H](C)CC,5.92,0.0,1
CHEMBL2581,CCCCNC(=O)C[C@H](O)[C@H](CC(C)C)NC(=O)[C@@H](NC(=O)COc1ccc2ccccc2c1)c1ccccc1,6.96,0.0,1
CHEMBL2581,CCCCNC(=O)C[C@H](O)[C@H](CC(C)C)NC(=O)[C@@H](NC(=O)Cc1ccc2ccccc2c1)C(C)CC,6.5,0.0,1
CHEMBL2581,CCCCNC(=O)C[C@H](O)[C@H](CC(C)C)NC(=O)[C@@H](NC(=O)c1ccc(Oc2ccc(C(=O)NCCCNc3ccnc4cc(Cl)ccc34)cc2)cc1)[C@@H](C)CC,6.66,0.0,1
CHEMBL2581,CCCCNC(=O)C[C@H](O)[C@H](CC(C)C)NC(=O)[C@@H](NC(=O)c1ccc(Oc2ccc(C(=O)N[C@@H](C)C(=O)NCCCNc3ccnc4cc(Cl)ccc34)cc2)cc1)[C@@H](C)CC,6.27,0.0,1
CHEMBL2581,CCCCNC(=O)C[C@H](O)[C@H](CC(C)C)NC(=O)[C@@H](NC(=O)c1ccc(Oc2ccc(C(=O)N[C@@H](CC(C)C)C(=O)N[C@@H](C)C(=O)NCCCNc3ccnc4ccccc34)cc2)cc1)[C@@H](C)CC,6.52,0.0,1
CHEMBL2581,CCCCNC(=O)[C@@H](NC(=O)[C@@H]1C(=O)N(CC)C[C@H]1[C@H](O)[C@H](CC(C)C)NC(=O)[C@H](CCSC)NC(=O)[C@H](CC(C)C)NC(C)=O)C(C)C,6.89,0.0,1
CHEMBL2581,CCCCNC(=O)[C@@H](NC(=O)[C@@H]1CC(=O)C[C@H]1[C@H](O)[C@H](CC(C)C)NC(=O)[C@H](CCSC)NC(=O)[C@H](CC(C)C)NC(C)=O)C(C)C,7.25,0.0,1
CHEMBL2581,CCCCNC(=O)[C@@H](NC(=O)[C@@H]1CN(C)C[C@H]1[C@H](O)[C@H](CC(C)C)NC(=O)[C@H](CCSC)NC(=O)[C@H](CC(C)C)NC(C)=O)C(C)C,5.91,0.0,1
CHEMBL2581,CCCCNC(=O)[C@@H](NC(=O)[C@@H]1OCC[C@H]1[C@H](O)[C@H](CC(C)C)NC(=O)[C@H](CCSC)NC(=O)[C@H](CC(C)C)NC(C)=O)C(C)C,7.55,0.0,1
CHEMBL2581,CCCCNC(=O)[C@@H](NC(=O)[C@H](C)C[C@H](O)[C@@H]1CSC/C=C/CSC[C@H](NC(=O)OC(C)(C)C)C(=O)N[C@@H](C)C(=O)N1)C(C)C,7.96,0.0,1
CHEMBL2581,CCCCNC(=O)[C@@H](NC(=O)[C@H](C)C[C@H](O)[C@@H]1CSC/C=C\CSC[C@H](NC(=O)OC(C)(C)C)C(=O)N[C@@H](C)C(=O)N1)C(C)C,7.3,0.0,1
CHEMBL2581,CCCCNC(=O)[C@@H](NC(=O)[C@H]1[C@H]([C@H](O)[C@H](CC(C)C)NC(=O)[C@H](CCSC)NC(=O)[C@H](CC(C)C)NC(C)=O)CC(=O)N1C)C(C)C,7.16,0.0,1
CHEMBL2581,CCCCNC(=O)[C@@H]1CCC[C@H]1[C@H](O)[C@H](CC(C)C)NC(=O)[C@H](CCSC)NC(=O)[C@H](CC(C)C)NC(C)=O,7.22,0.0,1
CHEMBL2581,CCCCNC(=O)[C@@H]1C[C@H]1[C@]12CN(c3ncccn3)C[C@H]1CSC(N)=N2,4.24,0.0,1
CHEMBL2581,CCCCNC(=O)[C@H](C)C[C@H](O)[C@@H]1COC/C=C/COC[C@H](NC(=O)OC(C)(C)C)C(=O)N[C@@H](C)C(=O)N1,6.04,0.0,1
CHEMBL2581,CCCCNC(=O)[C@H](C)C[C@H](O)[C@@H]1COC/C=C/CSC[C@H](NC(=O)OC(C)(C)C)C(=O)N[C@@H](C)C(=O)N1,6.96,0.0,1
CHEMBL2581,CCCCNC(=O)[C@H](C)C[C@H](O)[C@@H]1COC/C=C/CSC[C@H](NC(C)=O)C(=O)N[C@@H](C)C(=O)N1,5.22,0.0,1
CHEMBL2581,CCCCNC(=O)[C@H](C)C[C@H](O)[C@@H]1COCCCCOC[C@H](NC(=O)OC(C)(C)C)C(=O)N[C@@H](C)C(=O)N1,5.96,0.0,1
CHEMBL2581,CCCCNC(=O)[C@H](C)C[C@H](O)[C@@H]1CSC/C=C/CC[C@H]2CCCN[C@H]2C(=O)N[C@@H](C)C(=O)N1,5.16,0.0,1
CHEMBL2581,CCCCNC(=O)[C@H](C)C[C@H](O)[C@@H]1CSC/C=C/CSCCC(=O)N[C@@H](C)C(=O)N1,5.41,0.0,1
CHEMBL2581,CCCCNC(=O)[C@H](C)C[C@H](O)[C@@H]1CSC/C=C/CSC[C@H](N)C(=O)N[C@@H](C)C(=O)N1,6.82,0.0,1
CHEMBL2581,CCCCNC(=O)[C@H](C)C[C@H](O)[C@@H]1CSC/C=C/CSC[C@H](NC(=O)OC(C)(C)C)C(=O)N[C@@H](C)C(=O)N1,6.72,0.0,1
CHEMBL2581,CCCCNC(=O)[C@H](C)C[C@H](O)[C@@H]1CSC/C=C/CS[C@@H]2CCCN[C@@H]2C(=O)N[C@@H](C)C(=O)N1,6.7,0.0,1
CHEMBL2581,CCCCNC(=O)[C@H](C)C[C@H](O)[C@@H]1CSC/C=C/CS[C@H]2CCCN[C@H]2C(=O)N[C@@H](C)C(=O)N1,8.0,0.0,1
CHEMBL2581,CCCCNC(=O)[C@H](C)C[C@H](O)[C@@H]1CSC/C=C/CS[C@H]2CNCC[C@H]2C(=O)N[C@@H](C)C(=O)N1,5.05,0.0,1
CHEMBL2581,CCCCNC(=O)[C@H](C)C[C@H](O)[C@@H]1CSC/C=C\CSC[C@H](NC(=O)OC(C)(C)C)C(=O)N[C@@H](C)C(=O)N1,6.34,0.0,1
CHEMBL2581,CCCCNC(=O)[C@H](C)C[C@H](O)[C@@H]1CSCCCCCCSC[C@H](NC(=O)OC(C)(C)C)C(=O)N[C@@H](C)C(=O)N1,7.6,0.0,1
CHEMBL2581,CCCCNC(=O)[C@H](C)C[C@H](O)[C@@H]1CSCCCCCCSC[C@H](NC(C)=O)C(=O)N[C@@H](C)C(=O)N1,5.9,0.0,1
CHEMBL2581,CCCCNC(=O)[C@H](C)C[C@H](O)[C@@H]1CSCCCCCSC[C@H](NC(=O)OC(C)(C)C)C(=O)N[C@@H](C)C(=O)N1,7.7,0.0,1
CHEMBL2581,CCCCNC(=O)[C@H](C)C[C@H](O)[C@@H]1CSCCCCCSC[C@H](NC(C)=O)C(=O)N[C@@H](C)C(=O)N1,5.77,0.0,1
CHEMBL2581,CCCCNC(=O)[C@H](C)C[C@H](O)[C@@H]1CSCCCCSC[C@H](NC(=O)OC(C)(C)C)C(=O)N[C@@H](C)C(=O)N1,6.75,0.0,1
CHEMBL2581,CCCCNC(=O)[C@H](C)C[C@H](O)[C@@H]1CSCCCCSC[C@H](NC(C)=O)C(=O)N[C@@H](C)C(=O)N1,5.01,0.0,1
CHEMBL2581,CCCCNC(=O)[C@H](C)C[C@H](O)[C@@H]1CSCc2ccc(cc2)CSC[C@H](NC(=O)OC(C)(C)C)C(=O)N[C@@H](C)C(=O)N1,6.71,0.0,1
CHEMBL2581,CCCCNC(=O)[C@H](C)C[C@H](O)[C@@H]1CSCc2ccc(cc2)CSC[C@H](NC(C)=O)C(=O)N[C@@H](C)C(=O)N1,5.44,0.0,1
CHEMBL2581,CCCCNC(=O)[C@H](C)C[C@H](O)[C@@H]1C[C@H](C)CCCCCCCCC(=O)N(C)[C@@H](C)C(=O)N1,5.09,0.0,1
CHEMBL2581,CCCCNC(=O)[C@H](C)C[C@H](O)[C@@H]1C[C@H](C)CCCCCCCCC(=O)N[C@@H](C)C(=O)N1,5.77,0.0,1
CHEMBL2581,CCCCNC(=O)[C@H](C)C[C@H](O)[C@H](CC(C)C)NC(=O)[C@H](C)N(C)C(=O)[C@H](CC(C)C)NC(C)=O,6.72,0.0,1
CHEMBL2581,CCCCNC(=O)[C@H](C)C[C@H](O)[C@H](CC(C)C)NC(=O)[C@H](C)NC(=O)[C@H](CC(C)C)NC(C)=O,6.58,0.0,1
CHEMBL2581,CCCCNC(=O)[C@H](C)C[C@H](O)[C@H](CC(C)C)NC(=O)[C@H](CCSC)NC(=O)CCC(C)C,6.43,0.0,1
CHEMBL2581,CCCCNC(=O)[C@H](C)C[C@H](O)[C@H](CC(C)C)NC(=O)[C@H](CCSC)NC(=O)[C@@H](NC(C)=O)C(C)C,7.32,0.0,1
CHEMBL2581,CCCCNC(=O)[C@H](C)C[C@H](O)[C@H](CC(C)C)NC(=O)[C@H](CCSC)NC(=O)[C@H](C)NC(C)=O,7.46,0.0,1
CHEMBL2581,CCCCNC(=O)[C@H](C)C[C@H](O)[C@H](CC(C)C)NC(=O)[C@H](CCSC)NC(=O)[C@H](CC(C)C)NC(C)=O,8.05,0.0,1
CHEMBL2581,CCCCNC(=O)[C@H](C)C[C@H](O)[C@H](Cc1ccccc1)NC(=O)[C@@H]1CCC[C@H](C(C)(C)NC(C)=O)C1,6.62,0.0,1
CHEMBL2581,CCCCNC(=O)[C@H](C)C[C@H](O)[C@H](Cc1ccccc1)NC(=O)[C@@H]1CCC[C@H](C2(NC(C)=O)CCCC2)C1,6.77,0.0,1
CHEMBL2581,CCCCNC(=O)[C@H](C)C[C@H](O)[C@H](Cc1ccccc1)NC(=O)[C@@H]1CCC[C@H]([C@@H](NC(C)=O)C(C)C)C1,6.82,0.0,1
CHEMBL2581,CCCCOc1cc(C2(c3cccc(-c4cccnc4)c3)N=C(N)N(C)C2=O)ccc1OC,5.09,0.0,1
CHEMBL2581,CCCCOc1ccc(C2(C34CC5CC(CC(C5)C3)C4)N=C(N)N(C)C2=O)cc1,5.08,0.0,1
CHEMBL2581,CCCC[C@@H](C(=O)N[C@@H](CC1CCCCC1)[C@@H](O)C[C@H](C(=O)NCCC)C(C)C)N1CCN(C(=O)N2CCN(C)CC2)[C@H](Cc2ccccc2)C1=O,6.11,0.0,1
CHEMBL2581,CCCC[C@@H](C(=O)N[C@@H](CC1CCCCC1)[C@@H](O)C[C@H](C(=O)NCCN(C)C)C(C)C)N1CCN(C(=O)N2CCN(C)CC2)[C@H](Cc2ccccc2)C1=O,4.24,0.0,1
CHEMBL2581,CCCCc1cc(C[C@@H]2CS(=O)(=O)C[C@H](NCc3cccc(C(C)C)c3)[C@H]2O)ccc1O,5.72,0.0,1
CHEMBL2581,CCCCc1ccc(-c2ccc3c(=O)n(C[C@@H]4CC[C@H](c5ccccc5)O4)c(N)nc3c2)cc1,5.66,0.0,1
CHEMBL2581,CCCCc1ccc2c(c1)[C@@H](NC[C@@H](O)[C@H](Cc1cc(F)cc(F)c1)NC(C)=O)CCC2,7.11,0.0,1
CHEMBL2581,CCCCc1cccc(-c2ccc3c(=O)n(C[C@@H]4CC[C@H](c5ccccc5)O4)c(N)nc3c2)c1,5.52,0.0,1
CHEMBL2581,CCCCn1cc(C2(c3cccc(-c4cccnc4F)c3)N=C(N)N(C)C2=O)cn1,5.72,0.0,1
CHEMBL2581,CCCCn1cc(C2(c3cccc(-c4cncnc4)c3)N=C(N)N(C)C2=O)cn1,4.92,0.0,1
CHEMBL2581,CCCN(CCC)C(=O)c1cc(C#N)cc(C(=O)N[C@@H](Cc2ccccc2)[C@H](O)CNC(C)(C)c2cccc(OC)c2)c1,6.25,0.0,1
CHEMBL2581,CCCN(CCC)C(=O)c1cc(C#N)cc(C(=O)N[C@@H](Cc2ccccc2)[C@H](O)CNCc2cccc(OC)c2)c1,6.18,0.0,1
CHEMBL2581,CCCN(CCC)C(=O)c1cc(C(=O)N[C@@H](Cc2ccccc2)[C@@H](O)CNC(C)(C)c2cccc(OC)c2)cc(N2CCCCS2(=O)=O)c1,5.36,0.0,1
CHEMBL2581,CCCN(CCC)C(=O)c1cc(C(=O)N[C@@H](Cc2ccccc2)[C@@H](O)CNC(C)(C)c2ccccc2)cc(N2CCCCS2(=O)=O)c1,5.24,0.0,1
CHEMBL2581,CCCN(CCC)C(=O)c1cc(C(=O)N[C@@H](Cc2ccccc2)[C@H](O)CNC(C)(C)c2cccc(O)c2)cc(N2CCCCC2)c1,7.4,0.0,1
CHEMBL2581,CCCN(CCC)C(=O)c1cc(C(=O)N[C@@H](Cc2ccccc2)[C@H](O)CNC(C)(C)c2cccc(OC)c2)cc(-c2ccccc2)c1,7.27,0.0,1
CHEMBL2581,CCCN(CCC)C(=O)c1cc(C(=O)N[C@@H](Cc2ccccc2)[C@H](O)CNC(C)(C)c2cccc(OC)c2)cc(C(=O)N(CCC)CCC)c1,6.16,0.0,1
CHEMBL2581,CCCN(CCC)C(=O)c1cc(C(=O)N[C@@H](Cc2ccccc2)[C@H](O)CNC(C)(C)c2cccc(OC)c2)cc(C(F)(F)F)c1,7.17,0.0,1
CHEMBL2581,CCCN(CCC)C(=O)c1cc(C(=O)N[C@@H](Cc2ccccc2)[C@H](O)CNC(C)(C)c2cccc(OC)c2)cc(C2CCCCC2)c1,7.72,0.0,1
CHEMBL2581,CCCN(CCC)C(=O)c1cc(C(=O)N[C@@H](Cc2ccccc2)[C@H](O)CNC(C)(C)c2cccc(OC)c2)cc(N2CCCC2)c1,7.5,0.0,1
CHEMBL2581,CCCN(CCC)C(=O)c1cc(C(=O)N[C@@H](Cc2ccccc2)[C@H](O)CNC(C)(C)c2cccc(OC)c2)cc(N2CCCCC2)c1,7.38,0.0,1
CHEMBL2581,CCCN(CCC)C(=O)c1cc(C(=O)N[C@@H](Cc2ccccc2)[C@H](O)CNC(C)(C)c2cccc(OC)c2)cc(N2CCCCS2(=O)=O)c1,7.37,0.0,1
CHEMBL2581,CCCN(CCC)C(=O)c1cc(C(=O)N[C@@H](Cc2ccccc2)[C@H](O)CNC(C)(C)c2ccccc2)cc(N2CCCCC2)c1,7.29,0.0,1
CHEMBL2581,CCCN(CCC)C(=O)c1cc(C(=O)N[C@@H](Cc2ccccc2)[C@H](O)CNC(C)(C)c2ccccc2)cc(N2CCCCS2(=O)=O)c1,6.92,0.0,1
CHEMBL2581,CCCN(CCC)C(=O)c1cc(C(=O)N[C@@H](Cc2ccccc2)[C@H](O)CNC(C)(C)c2ccccn2)cc(N2CCCCC2)c1,6.46,0.0,1
CHEMBL2581,CCCN(CCC)C(=O)c1cc(C(=O)N[C@@H](Cc2ccccc2)[C@H](O)CNC(C)(C)c2cccnc2)cc(N2CCCCC2)c1,6.85,0.0,1
CHEMBL2581,CCCN(CCC)C(=O)c1cc(C(=O)N[C@@H](Cc2ccccc2)[C@H](O)CNC(C)(C)c2ccncc2)cc(N2CCCCC2)c1,6.77,0.0,1
CHEMBL2581,CCCN(CCC)C(=O)c1cc(C(=O)N[C@@H](Cc2ccccc2)[C@H](O)CNC(C)(C)c2cncc(OC)c2)cc(N2CCCCC2)c1,7.17,0.0,1
CHEMBL2581,CCCN(CCC)C(=O)c1cc(C(=O)N[C@@H](Cc2ccccc2)[C@H](O)CNC2(c3cccc(OC)c3)CC2)cc(N2CCCCC2)c1,7.0,0.0,1
CHEMBL2581,CCCN(CCC)C(=O)c1cc(C(=O)N[C@@H](Cc2ccccc2)[C@H](O)CNCc2cccc(OC)c2)cc(C(=O)N(C)C)c1,5.42,0.0,1
CHEMBL2581,CCCN(CCC)C(=O)c1cc(C(=O)N[C@@H](Cc2ccccc2)[C@H](O)CNCc2cccc(OC)c2)cc(C(=O)N(CCC)CCC)c1,5.44,0.0,1
CHEMBL2581,CCCN(CCC)C(=O)c1cc(C(=O)N[C@@H](Cc2ccccc2)[C@H](O)CNCc2cccc(OC)c2)cc(C(=O)OCC)c1,6.06,0.0,1
CHEMBL2581,CCCN(CCC)C(=O)c1cc(C(=O)N[C@@H](Cc2ccccc2)[C@H](O)CNCc2cccc(OC)c2)cc(N2CCCCC2)c1,6.7,0.0,1
CHEMBL2581,CCCN(CCC)C(=O)c1cc(C(=O)N[C@@H](Cc2ccccc2)[C@H](O)CNCc2cccc(OC)c2)cc(N2CCCCS2(=O)=O)c1,6.44,0.0,1
CHEMBL2581,CCCN(CCC)C(=O)c1cc(C(=O)O)cc(C(=O)N[C@@H](Cc2ccccc2)[C@H](O)CNCc2cccc(OC)c2)c1,5.44,0.0,1
CHEMBL2581,CCCN(CCC)C(=O)c1cc(C(N)=O)cc(C(=O)N[C@@H](Cc2cc(F)cc(F)c2)[C@H](O)CNCc2cccc(CC)c2)c1,5.8,0.0,1
CHEMBL2581,CCCN(CCC)C(=O)c1cc(C(N)=O)cc(C(=O)N[C@@H](Cc2cc(F)cc(F)c2)[C@H](O)CNCc2cccc(OC)c2)c1,5.62,0.0,1
CHEMBL2581,CCCN(CCC)C(=O)c1cc(C(N)=O)cc(C(=O)N[C@@H](Cc2ccccc2)[C@H](O)CNCc2cccc(OC)c2)c1,5.55,0.0,1
CHEMBL2581,CCCN(CCC)C(=O)c1cc(C)cc(C(=O)N[C@@H](Cc2cc(F)cc(F)c2)[C@H](O)CNCc2cccc(CC)c2)c1,6.82,0.0,1
CHEMBL2581,CCCN(CCC)C(=O)c1cc(C)cc(C(=O)N[C@@H](Cc2ccccc2)[C@H](O)CNC(C)(C)c2cccc(OC)c2)c1,6.68,0.0,1
CHEMBL2581,CCCN(CCC)C(=O)c1cc(C)cc(C(=O)N[C@@H](Cc2ccccc2)[C@H](O)CNCc2cccc(OC)c2)c1,6.35,0.0,1
CHEMBL2581,CCCN(CCC)C(=O)c1cc(CC#N)cc(C(=O)N[C@@H](Cc2ccccc2)[C@H](O)CNCc2cccc(OC)c2)c1,6.24,0.0,1
CHEMBL2581,CCCN(CCC)C(=O)c1cc(Cl)cc(C(=O)N[C@@H](Cc2ccccc2)[C@H](O)CNC(C)(C)c2cccc(OC)c2)c1,7.02,0.0,1
CHEMBL2581,CCCN(CCC)C(=O)c1cc(F)cc(C(=O)N[C@@H](Cc2ccccc2)[C@H](O)CNC(C)(C)c2cccc(OC)c2)c1,6.0,0.0,1
CHEMBL2581,CCCN(CCC)C(=O)c1cccc(C(=O)N[C@@H](Cc2ccccc2)[C@H](O)CNC(C)(C)c2cccc(OC)c2)c1,5.94,0.0,1
CHEMBL2581,CCCN(CCC)S(=O)(=O)CCC(=O)N[C@@H](Cc1ccccc1)[C@H](O)CNCc1cccc(OC)c1,5.31,0.0,1
CHEMBL2581,CCCN(CCC)S(=O)(=O)CCCC(=O)N[C@@H](Cc1ccccc1)[C@H](O)CNCc1cccc(OC)c1,4.93,0.0,1
CHEMBL2581,CCCN(c1cc2cc(c1)C(=O)N[C@@H](c1ccccc1)CCc1cccc(c1)C[C@@](C)(N)C(=O)OC2)S(C)(=O)=O,4.01,0.0,1
CHEMBL2581,CCCN1C(=O)OC[C@@H]1Cc1cc(C[C@@H]2CS(=O)(=O)C[C@H](NCc3cccc(C(C)C)c3)[C@H]2O)ccc1O,5.19,0.0,1
CHEMBL2581,CCCN1CCCCCOc2cccc(c2)C[C@@H]([C@H](O)CNC(C)(C)c2cccc(OC)c2)NC(=O)c2cccc(c2)C1=O,5.92,0.0,1
CHEMBL2581,CCCN1CCCCCc2cccc(c2)C[C@@H]([C@H](O)CNC(C)(C)c2cccc(OC)c2)NC(=O)c2cccc(c2)C1=O,6.48,0.0,1
CHEMBL2581,CCCN1CCCCOc2cccc(c2)C[C@@H]([C@H](O)CNC(C)(C)c2cccc(OC)c2)NC(=O)c2cccc(c2)C1=O,6.57,0.0,1
CHEMBL2581,CCCN1CCCCc2cccc(c2)C[C@@H]([C@H](O)CNC(C)(C)c2cccc(OC)c2)NC(=O)c2cccc(c2)C1=O,5.86,0.0,1
CHEMBL2581,CCCN1CCOCCc2cccc(c2)C[C@@H]([C@H](O)CNC(C)(C)c2cccc(OC)c2)NC(=O)c2cccc(c2)C1=O,5.78,0.0,1
CHEMBL2581,CCCN1CCOc2cccc(c2)C[C@@H]([C@H](O)CNC(C)(C)c2cccc(OC)c2)NC(=O)c2cccc(c2)C1=O,6.22,0.0,1
CHEMBL2581,CCCNC(=O)c1cc(C(=O)N[C@@H](Cc2ccccc2)[C@H](O)CNC(C)(C)c2cccc(OC)c2)cc(N2CCCCC2)c1,6.96,0.0,1
CHEMBL2581,CCCNC(=O)c1ccc(-c2ccc(-c3ccccc3)n2Cc2cccc(N)n2)cc1,4.35,0.0,1
CHEMBL2581,CCCOCc1cccc(C[C@@H]2CS(=O)(=O)C[C@H](NCc3cccc(C(C)C)c3)[C@H]2O)c1,6.05,0.0,1
CHEMBL2581,CCCOc1cc(C(=O)N[C@@H](Cc2ccccc2)[C@H](O)CN[C@@H](C)C(=O)NC2CCCCC2)cc(N2CCCC2=O)c1,4.33,0.0,1
CHEMBL2581,CCCOc1cc(C2(c3cccc(-c4cccnc4)c3)N=C(N)N(C)C2=O)ccc1OC,5.0,0.0,1
CHEMBL2581,CCCOc1cc(C[C@@H]2CS(=O)(=O)C[C@H](NCc3cccc(C(C)(C)C)c3)[C@H]2O)cc(F)c1N,5.65,0.0,1
CHEMBL2581,CCCOc1cc(C[C@@H]2CS(=O)(=O)C[C@H](NCc3cccc(C(C)(C)C)c3)[C@H]2O)ccc1N,5.28,0.0,1
CHEMBL2581,CCCOc1ccc(-c2ccc(-c3ccccc3Cl)n2CC(=O)/N=C(/N)NCCCO)cc1,5.23,0.0,1
CHEMBL2581,CCCOc1ccc2c(c1)[C@]1(COC(N)=N1)c1cc(-c3cncnc3)ccc1O2,5.04,0.0,1
CHEMBL2581,CCCOc1cccc(C[C@@H]2CS(=O)(=O)C[C@H](NCc3cccc(C(C)(C)C)c3)[C@H]2O)c1,6.54,0.0,1
CHEMBL2581,CCCOc1cccc(C[C@@H]2CS(=O)(=O)C[C@H](NCc3cccc(C(C)C)c3)[C@H]2O)c1,5.7,0.0,1
CHEMBL2581,CCC[C@@]1(C)C[C@H](NC[C@@H](O)[C@H](Cc2cc(F)cc(F)c2)NC(C)=O)c2cc(CC(C)(C)C)ccc2O1,9.0,0.0,1
CHEMBL2581,CCC[C@]1(C)C[C@H](NC[C@@H](O)[C@H](Cc2cc(F)cc(F)c2)NC(C)=O)c2cc(CC(C)(C)C)ccc2O1,8.7,0.0,1
CHEMBL2581,CCCc1c(COc2ccc(/C=C3\SC(=S)NC3=O)cc2)ccc(C(=O)CC)c1O,5.43,0.0,1
CHEMBL2581,CCCc1c(COc2ccc(/C=C3\SC(=S)NC3=O)cc2)ccc(C(=O)c2ccccc2)c1O,6.68,0.0,1
CHEMBL2581,CCCc1c(COc2ccc(/C=C3\SC(=S)NC3=O)cc2)ccc(C(C)=O)c1O,6.19,0.0,1
CHEMBL2581,CCCc1c(COc2ccc(/C=C3\SC(=S)NC3=O)cc2)ccc(C(C)=O)c1OC,5.73,0.0,1
CHEMBL2581,CCCc1c(COc2ccc(/C=C3\SC(=S)NC3=O)cc2)ccc(C(C)=O)c1OC(C)=O,4.48,0.0,1
CHEMBL2581,CCCc1c(COc2cccc(/C=C3/SC(=S)NC3=O)c2)ccc(C(C)=O)c1O,5.18,0.0,1
CHEMBL2581,CCCc1c(O)cccc1OCc1ccc(/C=C2\SC(=S)NC2=O)cc1,5.53,0.0,1
CHEMBL2581,CCCc1c(OC)cccc1OCc1ccc(/C=C2\SC(=S)NC2=O)cc1,5.56,0.0,1
CHEMBL2581,CCCc1c(OCc2ccc(/C=C3\SC(=S)NC3=O)cc2)ccc(C(=O)O)c1O,5.29,0.0,1
CHEMBL2581,CCCc1c(OCc2ccc(/C=C3\SC(=S)NC3=O)cc2)ccc(C(=O)OC)c1O,5.01,0.0,1
CHEMBL2581,CCCc1c(OCc2ccc(/C=C3\SC(=S)NC3=O)cc2)ccc(C(=O)c2ccccc2)c1O,6.346666666666667,0.40918618419166264,3
CHEMBL2581,CCCc1c(OCc2ccc(/C=C3\SC(=S)NC3=O)cc2)ccc(C(=O)c2ccccc2O)c1O,6.21,0.0,1
CHEMBL2581,CCCc1c(OCc2ccc(/C=C3\SC(=S)NC3=O)cc2)ccc(C(=O)c2cccnc2)c1O,5.84,0.0,1
CHEMBL2581,CCCc1c(OCc2ccc(/C=C3\SC(=S)NC3=O)cc2)ccc(C(=O)c2ccncc2)c1O,5.1,0.0,1
CHEMBL2581,CCCc1c(OCc2ccc(/C=C3\SC(=S)NC3=O)cc2)ccc(C(=O)c2cncc(C(=O)O)c2)c1O,6.16,0.0,1
CHEMBL2581,CCCc1c(OCc2ccc(/C=C3\SC(=S)NC3=O)cc2)ccc(C(C)=O)c1O,5.59,0.0,1
CHEMBL2581,CCCc1c(OCc2ccc(/C=C3\SC(=S)NC3=O)cc2)ccc(C(C)=O)c1OC,4.32,0.0,1
CHEMBL2581,CCCc1c(OCc2ccc(/C=C3\SC(=S)NC3=O)cc2)ccc(C(C)=O)c1OC(C)=O,5.53,0.0,1
CHEMBL2581,CCCc1cc(C(=O)N[C@@H](Cc2ccccc2)[C@H](O)CN[C@@H](C)C(=O)NC2CCCCC2)cc(N2CCCC2=O)c1,5.34,0.0,1
CHEMBL2581,CCCc1cc(C[C@@H]2CS(=O)(=O)C[C@H](NCc3cccc(C(C)(C)C)c3)[C@H]2O)cc(F)c1N,5.86,0.0,1
CHEMBL2581,CCCc1cc(C[C@@H]2CS(=O)(=O)C[C@H](NCc3cccc(C(C)C)c3)[C@H]2O)ccc1O,5.75,0.0,1
CHEMBL2581,CCCc1cccc(C2(c3ccc(OC(F)(F)F)cc3)N=C(N)N3CCCN=C32)c1,4.03,0.0,1
CHEMBL2581,CCCc1n[nH]c2ccc(C[C@@H]3CS(=O)(=O)C[C@H](NCc4cccc(C(C)(C)C)c4)[C@H]3O)cc12,5.79,0.0,1
CHEMBL2581,CCCn1cc(-c2ccc(F)c(C3(C)CC4(CCOCC4)OC(N)=N3)c2)cn1,4.68,0.0,1
CHEMBL2581,CCN(C(C)C)S(=O)(=O)CC[C@@H]1O[C@@H]1[C@H](Cc1ccccc1)NC(=O)[C@@H](NC(=O)c1ccc2ccccc2n1)C(C)(C)S(C)(=O)=O,5.09,0.0,1
CHEMBL2581,CCN(CC)C(=O)c1cc(C(=O)N[C@@H](Cc2ccccc2)[C@H](O)CNC(C)(C)c2cccc(OC)c2)cc(N2CCCCC2)c1,6.6,0.0,1
CHEMBL2581,CCN1C(=O)C2(CC(C)(C)Oc3ccc(-c4cccc(Cl)c4)cc32)N=C1N,5.91,0.0,1
CHEMBL2581,CCN1CCN2CCS(=O)(=O)N(C)c3cc(C(=O)N[C@@H](Cc4ccccc4)[C@H](O)CNC4CC4)cc1c32,4.58,0.0,1
CHEMBL2581,CCN1CCN2CCS(=O)(=O)N(C)c3cc(C(=O)N[C@@H](Cc4ccccc4)[C@H](O)CNCc4cccc(C(F)(F)F)c4)cc1c32,5.65,0.0,1
CHEMBL2581,CCNC(=O)C[C@@H]1N=C(c2ccc(Cl)cc2)c2cc(OC)ccc2-n2c(C)nnc21,5.0,0.0,1
CHEMBL2581,CCNC[C@@H](O)[C@H](Cc1ccccc1)NC(=O)c1cc2c3c(c1)c(CC)cn3CCS(=O)(=O)N2C,4.44,0.0,1
CHEMBL2581,CCNC[C@@H](O)[C@H](Cc1ccccc1)NC(=O)c1cc2c3c(cn(CC)c3c1)CCS(=O)(=O)N2C,4.71,0.0,1
CHEMBL2581,CCNc1cc(C(=O)N[C@@H](Cc2ccccc2)[C@H](O)CNC(C)(C)CCCC(C)C)cc(N2CCCC2=O)c1,5.6,0.0,1
CHEMBL2581,CCNc1cc(C(=O)N[C@@H](Cc2ccccc2)[C@H](O)CNC(C)(C)COCC(C)C)cc(N2CCCC2=O)c1,4.65,0.0,1
CHEMBL2581,CCNc1cc(C(=O)N[C@@H](Cc2ccccc2)[C@H](O)CNC(C)(C)c2cccc(C(F)(F)F)c2)cc(N2CCCC2=O)c1,6.03,0.0,1
CHEMBL2581,CCNc1cc(C(=O)N[C@@H](Cc2ccccc2)[C@H](O)CNC(C)(C)c2cccc(C(F)(F)F)c2)cc(N2CCCCS2(=O)=O)c1,6.22,0.0,1
CHEMBL2581,CCNc1cc(C(=O)N[C@@H](Cc2ccccc2)[C@H](O)CNC(C)CCCC(C)C)cc(N2CCCC2=O)c1,5.96,0.0,1
CHEMBL2581,CCNc1cc(C(=O)N[C@@H](Cc2ccccc2)[C@H](O)CNC2(c3cccc(OC)c3)CCCCC2)cc(N2CCCC2=O)c1,6.42,0.0,1
CHEMBL2581,CCNc1cc(C(=O)N[C@@H](Cc2ccccc2)[C@H](O)CNC2CC2)cc(N2CCCCS2(=O)=O)c1,4.52,0.0,1
CHEMBL2581,CCNc1cc(C(=O)N[C@@H](Cc2ccccc2)[C@H](O)CNC2CC2)cc2c1CCCS(=O)(=O)N2C,5.09,0.0,1
CHEMBL2581,CCNc1cc(C(=O)N[C@@H](Cc2ccccc2)[C@H](O)CNC2CCCC2)cc(N2CCCC2=O)c1,4.96,0.0,1
CHEMBL2581,CCNc1cc(C(=O)N[C@@H](Cc2ccccc2)[C@H](O)CNC2CCCCC2)cc(N2CCCC2=O)c1,6.11,0.0,1
CHEMBL2581,CCNc1cc(C(=O)N[C@@H](Cc2ccccc2)[C@H](O)CNC2CCCCCC2)cc(N2CCCC2=O)c1,5.62,0.0,1
CHEMBL2581,CCNc1cc(C(=O)N[C@@H](Cc2ccccc2)[C@H](O)CNC2CCOCC2)cc(N2CCCCS2(=O)=O)c1,4.7,0.0,1
CHEMBL2581,CCNc1cc(C(=O)N[C@@H](Cc2ccccc2)[C@H](O)CNC2CCOCC2)cc2c1CCCS(=O)(=O)N2C,5.39,0.0,1
CHEMBL2581,CCNc1cc(C(=O)N[C@@H](Cc2ccccc2)[C@H](O)CNC2CCSCC2)cc(N2CCCC2=O)c1,5.81,0.0,1
CHEMBL2581,CCNc1cc(C(=O)N[C@@H](Cc2ccccc2)[C@H](O)CNC2CCc3ccc(OC)cc32)cc(N2CCCCS2(=O)=O)c1,5.97,0.0,1
CHEMBL2581,CCNc1cc(C(=O)N[C@@H](Cc2ccccc2)[C@H](O)CNCC2CCCCC2)cc(N2CCCC2=O)c1,4.92,0.0,1
CHEMBL2581,CCNc1cc(C(=O)N[C@@H](Cc2ccccc2)[C@H](O)CNCCC(F)(F)F)cc2c1CCCS(=O)(=O)N2C,5.97,0.0,1
CHEMBL2581,CCNc1cc(C(=O)N[C@@H](Cc2ccccc2)[C@H](O)CNCCCCC(C)C)cc(N2CCCC2=O)c1,6.01,0.0,1
CHEMBL2581,CCNc1cc(C(=O)N[C@@H](Cc2ccccc2)[C@H](O)CNCCc2ccccc2)cc(N2CCCC2=O)c1,5.75,0.0,1
CHEMBL2581,CCNc1cc(C(=O)N[C@@H](Cc2ccccc2)[C@H](O)CNCc2cc(OC)cc(OC)c2)cc(N2CCCC2=O)c1,5.23,0.0,1
CHEMBL2581,CCNc1cc(C(=O)N[C@@H](Cc2ccccc2)[C@H](O)CNCc2ccc(OC)cc2)cc(N2CCCC2=O)c1,4.73,0.0,1
CHEMBL2581,CCNc1cc(C(=O)N[C@@H](Cc2ccccc2)[C@H](O)CNCc2cccc(C(F)(F)F)c2)cc(N2CCCC2=O)c1,5.21,0.0424264068711932,2
CHEMBL2581,CCNc1cc(C(=O)N[C@@H](Cc2ccccc2)[C@H](O)CNCc2cccc(C(F)(F)F)c2)cc(N2CCCC2=O)c1C,5.37,0.0,1
CHEMBL2581,CCNc1cc(C(=O)N[C@@H](Cc2ccccc2)[C@H](O)CNCc2cccc(C(F)(F)F)c2)cc(N2CCCC2=O)c1OC,5.43,0.0,1
CHEMBL2581,CCNc1cc(C(=O)N[C@@H](Cc2ccccc2)[C@H](O)CNCc2cccc(C(F)(F)F)c2)cc(N2CCCCS2(=O)=O)c1,5.3100000000000005,0.1979898987322338,2
CHEMBL2581,CCNc1cc(C(=O)N[C@@H](Cc2ccccc2)[C@H](O)CNCc2cccc(C(F)(F)F)c2)cc(N2CCCCS2(=O)=O)c1C,6.01,0.0,1
CHEMBL2581,CCNc1cc(C(=O)N[C@@H](Cc2ccccc2)[C@H](O)CNCc2cccc(C(F)(F)F)c2)cc(N2CCCCS2(=O)=O)c1OC,6.22,0.0,1
CHEMBL2581,CCNc1cc(C(=O)N[C@@H](Cc2ccccc2)[C@H](O)CNCc2cccc(C(F)(F)F)c2)cc2c1CCCS(=O)(=O)N2C,5.92,0.0,1
CHEMBL2581,CCNc1cc(C(=O)N[C@@H](Cc2ccccc2)[C@H](O)CNCc2cccc(Cl)c2)cc(N2CCCC2=O)c1,5.25,0.0,1
CHEMBL2581,CCNc1cc(C(=O)N[C@@H](Cc2ccccc2)[C@H](O)CNCc2cccc(OC(F)(F)F)c2)cc(N2CCCC2=O)c1,5.45,0.0,1
CHEMBL2581,CCNc1cc(C(=O)N[C@@H](Cc2ccccc2)[C@H](O)CNCc2cccc(OC)c2)cc(N2CCCC2=O)c1,5.3,0.0,1
CHEMBL2581,CCNc1cc(C(=O)N[C@@H](Cc2ccccc2)[C@H](O)CNCc2cccc(OC)n2)cc(N2CCCC2=O)c1,4.58,0.0,1
CHEMBL2581,CCNc1cc(C(=O)N[C@@H](Cc2ccccc2)[C@H](O)CNCc2ccccc2)cc(N2CCCC2=O)c1,4.72,0.0,1
CHEMBL2581,CCNc1cc(C(=O)N[C@@H](Cc2ccccc2)[C@H](O)CNCc2ccccc2OC)cc(N2CCCC2=O)c1,5.01,0.0,1
CHEMBL2581,CCNc1cc(C(=O)N[C@@H](Cc2ccccc2)[C@H](O)CNCc2cncc(C#N)c2)cc(N2CCCCS2(=O)=O)c1,4.45,0.0,1
CHEMBL2581,CCNc1cc(C(=O)N[C@@H](Cc2ccccc2)[C@H](O)CNCc2cnn(CC)c2)cc(N2CCCC2=O)c1,4.33,0.0,1
CHEMBL2581,CCNc1cc(C(=O)N[C@@H](Cc2ccccc2)[C@H](O)CN[C@@H](C)C(=O)NC2CCCCC2)cc(N(c2ccccc2)S(C)(=O)=O)c1,6.2,0.0,1
CHEMBL2581,CCNc1cc(C(=O)N[C@@H](Cc2ccccc2)[C@H](O)CN[C@@H](C)C(=O)NC2CCCCC2)cc(N2CCCC2=O)c1,5.57,0.0,1
CHEMBL2581,CCNc1cc(C(=O)N[C@@H](Cc2ccccc2)[C@H](O)CN[C@@H]2CCc3ccccc32)cc(N2CCCC2=O)c1,4.99,0.0,1
CHEMBL2581,CCNc1cc(C(=O)N[C@@H](Cc2ccccc2)[C@H](O)CN[C@H]2CCc3ccccc32)cc(N2CCCC2=O)c1,5.28,0.0,1
CHEMBL2581,CCNc1cc(C(=O)N[C@@H](Cc2ccccc2)[C@H](O)CNc2ccccc2)cc(N2CCCC2=O)c1,5.33,0.0,1
CHEMBL2581,CCOC[C@@H](Oc1cc(C[C@@H]2CS(=O)(=O)C[C@H](NCc3cccc(C(C)(C)C)c3)[C@H]2O)cc(F)c1N)C(F)(F)F,6.64,0.0,1
CHEMBL2581,CCOC[C@H](Oc1cc(C[C@@H]2CS(=O)(=O)C[C@H](NCc3cccc(C(C)(C)C)c3)[C@H]2O)cc(F)c1N)C(F)(F)F,5.91,0.0,1
CHEMBL2581,CCOc1cc(C(=O)N[C@@H](Cc2ccccc2)[C@H](O)CNCc2cccc(C(F)(F)F)c2)cc(N(c2ccccc2)S(C)(=O)=O)c1,6.17,0.0,1
CHEMBL2581,CCOc1cc(C(=O)N[C@@H](Cc2ccccc2)[C@H](O)CN[C@@H](C)C(=O)NC2CCCCC2)cc(N2CCCC2)c1,5.21,0.0,1
CHEMBL2581,CCOc1cc(C(=O)N[C@@H](Cc2ccccc2)[C@H](O)CN[C@@H](C)C(=O)NC2CCCCC2)cc(N2CCCC2=O)c1,5.1,0.0,1
CHEMBL2581,CCOc1cc(C2(c3cccc(-c4cccnc4)c3)N=C(N)N(C)C2=O)ccc1OC,4.99,0.0,1
CHEMBL2581,CCOc1cc(C[C@@H]2CS(=O)(=O)C[C@H](NCc3cccc(C(C)(C)C)c3)[C@H]2O)cc(F)c1N,5.99,0.0,1
CHEMBL2581,CCOc1ccc(C2(C34CC5CC(CC(C5)C3)C4)N=C(N)N(C)C2=O)cc1,4.94,0.0,1
CHEMBL2581,CCOc1ccc(C2(c3cccc(-c4cccnc4F)c3)N=C(N)N3CCCN=C32)cc1OCC,4.2,0.0,1
CHEMBL2581,CCOc1ccc2nc(Sc3ccc(NC(=O)c4cc(Cl)cc(Cl)c4NS(=O)(=O)c4cc(Cl)cc(Cl)c4O)cc3)sc2c1,6.6,0.0,1
CHEMBL2581,CCOc1cccc(-c2ccc3c(c2)C2(CC(C)(C)O3)N=C(N)N(C)C2=O)c1,5.96,0.0,1
CHEMBL2581,CCS(=O)(=O)c1cc(C(=O)N[C@@H](Cc2ccccc2)[C@H](O)CNCc2cccc(C(F)(F)F)c2)cc(N(c2ccccc2)S(C)(=O)=O)c1,6.26,0.0,1
CHEMBL2581,CC[C@@H](C)NC[C@@H](O)[C@H](Cc1ccccc1)NC(=O)c1cc2c3c(cn(CC)c3c1)CCS(=O)(=O)N2C,5.92,0.0,1
CHEMBL2581,CC[C@@H](CC(=O)NCC1CCCCC1)n1c(N)nc2cc(Cl)ccc21,4.38,0.0,1
CHEMBL2581,CC[C@H](C)[C@H](NC(=O)C[C@H](O)[C@H](CC(C)C)NC(=O)[C@H](CCC(N)=O)N(C)C(=O)[C@H](CC(C)C)NC(=O)[C@H](C)O)C(=O)N[C@@H](C)C(=O)N(C)[C@H](Cc1ccccc1)C(=O)N1CCC[C@H]1C(=O)OC,5.26,0.0,1
CHEMBL2581,CC[C@H](C)[C@H](NC(=O)C[C@H](O)[C@H](CC(C)C)NC(=O)[C@H](CCC(N)=O)N(C)C(=O)[C@H](CC(C)C)NC(=O)[C@H](C)OC(=O)[C@H](Cc1ccccc1)N(C)C)C(=O)N[C@@H](C)C(=O)N(C)[C@H](Cc1ccccc1)C(=O)N1CCC[C@H]1C(=O)OC,8.26,0.0,1
CHEMBL2581,CC[C@H](C)[C@H](NC(=O)C[C@H](O)[C@H](CC(C)C)NC(=O)[C@H](CCC(N)=O)N(C)C(=O)[C@H](CC(C)C)NC(=O)[C@H](O)[C@@H](C)CC)C(=O)NCC(=O)N(C)[C@H](Cc1ccccc1)C(=O)N1CCC[C@H]1C(=O)OC,5.79,0.0,1
CHEMBL2581,CC[C@H](C)[C@H](NC(=O)C[C@H](O)[C@H](CC(C)C)NC(=O)[C@H](OC(=O)[C@@H](O)C(C)C)C(C)C)C(=O)N[C@@H](C)C(=O)N(C)[C@H](Cc1ccccc1)C(=O)N1CCC[C@H]1C(=O)OC,6.42,0.0,1
CHEMBL2581,CC[C@H](C)[C@H](NC(=O)C[C@H](O)[C@H](CC(C)C)NC(=O)[C@H](OC(=O)[C@@H](O)C(C)C)[C@@H](C)CC)C(=O)N[C@@H](C)C(=O)N(C)[C@H](Cc1ccccc1)C(=O)N1CCC[C@H]1C(=O)OC,6.57,0.0,1
CHEMBL2581,CC[C@H](C)[C@H](NC(=O)[C@H](CCCNC(=N)N)NC(=O)OCc1ccccc1)C(=O)N[C@@H](CC(C)C)[C@@H](O)CC(=O)NC1CCCCC1,6.35,0.0,1
CHEMBL2581,CC[C@H](CC[C@@H](C)[C@H]1CC[C@H]2[C@@H]3CC=C4CC(=O)CC[C@]4(C)[C@H]3CC[C@]12C)C(C)C,5.03,0.0,1
CHEMBL2581,CC[C@H]1C[C@H]2CSC(N)=N[C@@]2(c2ccc(F)cc2F)CO1,4.2,0.0,1
CHEMBL2581,CCc1c(COc2ccc(/C=C3\SC(=S)NC3=O)cc2)ccc(C(C)=O)c1O,4.75,0.0,1
CHEMBL2581,CCc1c[nH]c2c(N3CCCC3=O)cc(C(=O)N[C@@H](Cc3ccccc3)[C@H](O)CNCc3cccc(C(F)(F)F)c3)cc12,5.39,0.0,1
CHEMBL2581,CCc1c[nH]c2ccc(C[C@@H]3CS(=O)(=O)C[C@H](NCc4cccc(C(C)(C)C)c4)[C@H]3O)cc12,5.61,0.0,1
CHEMBL2581,CCc1cc(C2(C34CC5CC(CC(C5)C3)C4)N=C(N)N(C)C2=O)ccc1OC,4.85,0.0,1
CHEMBL2581,CCc1cc(C2(c3cccc(-c4cncnc4)c3)N=C(N)N(C)C2=O)c(C)s1,4.93,0.0,1
CHEMBL2581,CCc1cc(C2(c3cccc(-c4cncnc4)c3)N=C(N)N(C)C2=O)cs1,4.62,0.0,1
CHEMBL2581,CCc1cc(C[C@@H]2CS(=O)(=O)C[C@H](NCc3cccc(C(C)(C)C)c3)[C@H]2O)cc(F)c1N,5.7,0.0,1
CHEMBL2581,CCc1cc(C[C@@H]2CS(=O)(=O)C[C@H](NCc3cccc(C(C)(C)C)c3)[C@H]2O)cc(F)c1NC(C)=O,5.64,0.0,1
CHEMBL2581,CCc1cc(C[C@@H]2CS(=O)(=O)C[C@H](NCc3cccc(C(C)C)c3)[C@H]2O)ccc1O,5.62,0.0,1
CHEMBL2581,CCc1cc([C@]2(c3cccc(-c4cccnc4F)c3)N=C(N)N(C)C2=O)cc(CC)n1,4.27,0.0,1
CHEMBL2581,CCc1ccc2c(c1)[C@@H](NC[C@@H](O)[C@@H]1Cc3cccc(c3)CCCCCC(=O)N1)CC1(CCC1)O2,6.64,0.0,1
CHEMBL2581,CCc1ccc2c(c1)[C@@H](NC[C@@H](O)[C@@H]1Cc3cccc(c3)CCCCCCC(=O)N1)CC1(CCC1)O2,6.43,0.0,1
CHEMBL2581,CCc1ccc2c(c1)[C@@H](NC[C@@H](O)[C@@H]1Cc3cccc(c3)CCCCCCCC(=O)N1)CC1(CCC1)O2,6.05,0.0,1
CHEMBL2581,CCc1ccc2c(c1)[C@@H](NC[C@@H](O)[C@@H]1Cc3cccc(c3)CCCCn3cc(cc(-c4ccccn4)c3=O)C(=O)N1)CC1(CCC1)O2,7.27,0.0,1
CHEMBL2581,CCc1ccc2c(c1)[C@@H](NC[C@@H](O)[C@@H]1Cc3cccc(c3)CCCCn3cc(cc(N4CCCC4)c3=O)C(=O)N1)CC1(CCC1)O2,8.09,0.0,1
CHEMBL2581,CCc1ccc2c(c1)[C@@H](NC[C@@H](O)[C@@H]1Cc3cccc(c3)CCCCn3cc(ccc3=O)C(=O)N1)CC1(CCC1)O2,7.14,0.0,1
CHEMBL2581,CCc1ccc2c(c1)[C@@H](NC[C@@H](O)[C@H](Cc1cc(F)cc(F)c1)NC(C)=O)CCC2,6.9,0.0,1
CHEMBL2581,CCc1ccc2c(c1)[C@@H](NC[C@@H](O)[C@H](Cc1cc(F)cc(F)c1)NC(C)=O)CS(=O)(=O)C2,5.55,0.0,1
CHEMBL2581,CCc1ccc2c(c1)[C@@H](NC[C@@H](O)[C@H](Cc1ccccc1)NC(C)=O)CC1(CCC1)O2,6.16,0.0,1
CHEMBL2581,CCc1ccnc2c(N3CCCC3=O)cc(C(=O)N[C@@H](Cc3ccccc3)[C@H](O)CNCc3cccc(C(F)(F)F)c3)cc12,4.84,0.0,1
CHEMBL2581,CCc1cn(C)c2c(N3CCCC3=O)cc(C(=O)N[C@@H](Cc3ccccc3)[C@H](O)CNCc3cccc(C(F)(F)F)c3)cc12,5.43,0.0,1
CHEMBL2581,CCc1cn2c3c(cc(C(=O)N[C@@H](Cc4ccccc4)[C@H](O)CNC(C)(C)CCCC(C)C)cc13)N(C)S(=O)(=O)C2,6.11,0.0,1
CHEMBL2581,CCc1cn2c3c(cc(C(=O)N[C@@H](Cc4ccccc4)[C@H](O)CNC(C)(C)CCCC(C)C)cc13)N(C)S(=O)(=O)CC2,6.0,0.0,1
CHEMBL2581,CCc1cn2c3c(cc(C(=O)N[C@@H](Cc4ccccc4)[C@H](O)CNC)cc13)N(C)S(=O)(=O)C2,5.18,0.0,1
CHEMBL2581,CCc1cn2c3c(cc(C(=O)N[C@@H](Cc4ccccc4)[C@H](O)CNC)cc13)N(C)S(=O)(=O)CC2,4.23,0.0,1
CHEMBL2581,CCc1cn2c3c(cc(C(=O)N[C@@H](Cc4ccccc4)[C@H](O)CNC4CC4)cc13)N(C)S(=O)(=O)CC2,5.1,0.0,1
CHEMBL2581,CCc1cn2c3c(cc(C(=O)N[C@@H](Cc4ccccc4)[C@H](O)CNC4CC4)cc13)N(CC)S(=O)(=O)CC2,4.91,0.0,1
CHEMBL2581,CCc1cn2c3c(cc(C(=O)N[C@@H](Cc4ccccc4)[C@H](O)CNC4CC4)cc13)NS(=O)(=O)CCC2,5.54,0.0,1
CHEMBL2581,CCc1cn2c3c(cc(C(=O)N[C@@H](Cc4ccccc4)[C@H](O)CNC4CC4)cc13)OS(=O)(=O)CC2,5.53,0.0,1
CHEMBL2581,CCc1cn2c3c(cc(C(=O)N[C@@H](Cc4ccccc4)[C@H](O)CNC4CCCCC4)cc13)N(C)S(=O)(=O)C2,6.52,0.0,1
CHEMBL2581,CCc1cn2c3c(cc(C(=O)N[C@@H](Cc4ccccc4)[C@H](O)CNC4CCCCC4)cc13)N(C)S(=O)(=O)CC2,6.18,0.0,1
CHEMBL2581,CCc1cn2c3c(cc(C(=O)N[C@@H](Cc4ccccc4)[C@H](O)CNC4CCCCC4)cc13)N(CC)S(=O)(=O)CC2,6.82,0.0,1
CHEMBL2581,CCc1cn2c3c(cc(C(=O)N[C@@H](Cc4ccccc4)[C@H](O)CNC4CCOCC4)cc13)N(C(C)C)S(=O)(=O)CC2,5.53,0.0,1
CHEMBL2581,CCc1cn2c3c(cc(C(=O)N[C@@H](Cc4ccccc4)[C@H](O)CNC4CCOCC4)cc13)N(C)S(=O)(=O)CC2,6.199999999999999,1.4424978336205572,2
CHEMBL2581,CCc1cn2c3c(cc(C(=O)N[C@@H](Cc4ccccc4)[C@H](O)CNC4CCOCC4)cc13)N(CC(F)(F)F)S(=O)(=O)CC2,5.3,0.0,1
CHEMBL2581,CCc1cn2c3c(cc(C(=O)N[C@@H](Cc4ccccc4)[C@H](O)CNC4CCOCC4)cc13)N(CC)S(=O)(=O)CC2,5.79,0.0,1
CHEMBL2581,CCc1cn2c3c(cc(C(=O)N[C@@H](Cc4ccccc4)[C@H](O)CNCC4CCOCC4)cc13)OS(=O)(=O)CC2,6.89,0.0,1
CHEMBL2581,CCc1cn2c3c(cc(C(=O)N[C@@H](Cc4ccccc4)[C@H](O)CNCCC(F)(F)F)cc13)N(C)S(=O)(=O)CC2,6.05,0.0,1
CHEMBL2581,CCc1cn2c3c(cc(C(=O)N[C@@H](Cc4ccccc4)[C@H](O)CNCc4cccc(C(F)(F)F)c4)cc13)N(C)S(=O)(=O)CC2,5.9,0.0,1
CHEMBL2581,CCc1cn2c3c(cc(C(=O)N[C@@H](Cc4ccccc4)[C@H](O)CNCc4cccc(C(F)(F)F)c4)cc13)OS(=O)(=O)CC2,5.67,0.0,1
CHEMBL2581,CCc1cn2c3c(cc(C(=O)N[C@@H](Cc4ccccc4)[C@H](O)CNCc4cccc(OC)c4)cc13)N(C)S(=O)(=O)C2,6.0,0.0,1
CHEMBL2581,CCc1cn2c3c(cc(C(=O)N[C@@H](Cc4ccccc4)[C@H](O)CNCc4cccc(OC)c4)cc13)N(C)S(=O)(=O)CC2,5.53,0.0,1
CHEMBL2581,CCc1cn2c3c(cc(C(=O)N[C@@H](Cc4ccccc4)[C@H](O)CNCc4cccc(OC)c4)cc13)NS(=O)(=O)CC2,4.85,0.0,1
CHEMBL2581,CCc1cn2c3c(cc(C(=O)N[C@@H](Cc4ccccc4)[C@H](O)CN[C@H](C)CC)cc13)N(C)S(=O)(=O)CC2,5.26,0.0,1
CHEMBL2581,CCc1cn2c3c(cc(C(=O)N[C@@H](Cc4ccccc4)[C@H](O)CNc4ccc(OC)cc4)cc13)NS(=O)(=O)CCC2,5.8,0.0,1
CHEMBL2581,CCc1coc2c(N3CCCC3=O)cc(C(=O)N[C@@H](Cc3ccccc3)[C@H](O)CNCc3cccc(C(F)(F)F)c3)cc12,4.82,0.0,1
CHEMBL2581,CCc1csc(C2(NC[C@@H](O)[C@H](Cc3cc(F)cc(F)c3)NC(C)=O)CCCCC2)c1,6.64,0.0,1
CHEMBL2581,CCn1c(=O)[nH]c2c(N3CCCC3=O)cc(C(=O)N[C@@H](Cc3ccccc3)[C@H](O)CNCc3cccc(OC)c3)cc21,4.62,0.0,1
CHEMBL2581,CCn1cc(C2(c3ccc(F)c(-c4cccnc4F)c3)N=C(N)N(C)C2=O)cn1,5.39,0.0,1
CHEMBL2581,CCn1cc(C2(c3ccc(F)c(-c4cncnc4)c3)N=C(N)N(C)C2=O)cn1,4.54,0.0,1
CHEMBL2581,CCn1cc(C2(c3cccc(-c4cccnc4F)c3)N=C(N)N(C)C2=O)cn1,4.89,0.0,1
CHEMBL2581,CCn1cc(C2(c3cccc(-c4cncnc4)c3)N=C(N)N(C)C2=O)cn1,4.12,0.0,1
CHEMBL2581,CCn1cc([C@]2(c3cccc(-c4cccnc4F)c3)N=C(N)N(C)C2=O)cn1,5.17,0.0,1
CHEMBL2581,CCn1cc2c3c(cc(C(=O)N[C@@H](Cc4ccccc4)[C@H](O)CNC4CC4)cc31)N(C)S(=O)(=O)CC2,5.17,0.0,1
CHEMBL2581,CCn1cc2c3c(cc(C(=O)N[C@@H](Cc4ccccc4)[C@H](O)CNC4CCOCC4)cc31)N(C)S(=O)(=O)CC2,5.68,0.0,1
CHEMBL2581,CCn1cc2c3c(cc(C(=O)N[C@@H](Cc4ccccc4)[C@H](O)CNCCC(F)(F)F)cc31)N(C)S(=O)(=O)CC2,6.24,0.0,1
CHEMBL2581,CCn1ccc2c(N3CCCC3=O)cc(C(=O)N[C@@H](Cc3ccccc3)[C@H](O)CNCc3cccc(C(F)(F)F)c3)cc21,4.87,0.0,1
CHEMBL2581,CCn1cnc2c(N3CCCC3=O)cc(C(=O)N[C@@H](Cc3ccccc3)[C@H](O)CNCc3cccc(C(F)(F)F)c3)cc21,4.27,0.0,1
CHEMBL2581,CCn1ncc2c(N3CCCC3=O)cc(C(=O)N[C@@H](Cc3ccccc3)[C@H](O)CNCc3cccc(C(F)(F)F)c3)cc21,4.85,0.0,1
CHEMBL2581,CCn1nnc2c(N3CCCC3=O)cc(C(=O)N[C@@H](Cc3ccccc3)[C@H](O)CNCc3cccc(C(F)(F)F)c3)cc21,4.95,0.0,1
CHEMBL2581,CN(C(=O)CC[C@@H](C1CCCCC1)N1Cc2cc(Oc3ccccc3)ccc2N=C1N)C1CCCCC1,6.96,0.0,1
CHEMBL2581,CN1C(=O)C(c2ccc(F)c(-c3cncnc3)c2)(c2cnn(CC(F)(F)F)c2)N=C1N,4.41,0.0,1
CHEMBL2581,CN1C(=O)C(c2ccc(OC(F)(F)F)cc2)(C23CC4CC(CC(C4)C2)C3)N=C1N,5.21,0.0,1
CHEMBL2581,CN1C(=O)C(c2ccc(OC(F)(F)F)cc2)(c2cc(F)cc(-c3cncnc3)c2)N=C1N,5.07,0.0,1
CHEMBL2581,CN1C(=O)C(c2ccc(OC(F)(F)F)cc2)(c2ccc(F)c(-c3cncnc3)c2)N=C1N,5.38,0.0,1
CHEMBL2581,CN1C(=O)C(c2ccc(OC(F)(F)F)cc2)(c2cccc(-c3cccnc3F)c2)N=C1N,5.5,0.0,1
CHEMBL2581,CN1C(=O)C(c2ccc(OC(F)(F)F)cc2)(c2cccc(-c3cncnc3)c2F)N=C1N,4.58,0.0,1
CHEMBL2581,CN1C(=O)C(c2cccc(-c3cccnc3)c2)(c2ccc3c(c2)CCO3)N=C1N,4.62,0.0,1
CHEMBL2581,CN1C(=O)C(c2cccc(-c3cccnc3)c2)(c2ccc3c(c2)OCCO3)N=C1N,4.96,0.0,1
CHEMBL2581,CN1C(=O)C(c2cccc(-c3cccnc3)c2)(c2ccc3c(c2)OCO3)N=C1N,4.67,0.0,1
CHEMBL2581,CN1C(=O)C(c2cccc(-c3cccnc3F)c2)(c2cnn(C3CCCC3)c2)N=C1N,5.75,0.0,1
CHEMBL2581,CN1C(=O)C(c2cccc(-c3cccnc3F)c2)(c2cnn(CCC(C)(C)C)c2)N=C1N,6.44,0.0,1
CHEMBL2581,CN1C(=O)C(c2cccc(-c3cccnc3F)c2)(c2cnn(CCF)c2)N=C1N,4.88,0.0,1
CHEMBL2581,CN1C(=O)C(c2cccc(-c3cncnc3)c2)(c2cnn(C)c2)N=C1N,4.26,0.0,1
CHEMBL2581,CN1C(=O)C(c2cccc(-c3cncnc3)c2)(c2cnn(C3CCCC3)c2)N=C1N,4.76,0.0,1
CHEMBL2581,CN1C(=O)C(c2cccc(-c3cncnc3)c2)(c2cnn(CCC(C)(C)C)c2)N=C1N,5.42,0.0,1
CHEMBL2581,CN1C(=O)C(c2cccc(-c3cncnc3)c2)(c2cnn(CCC3CCCCC3)c2)N=C1N,5.36,0.0,1
CHEMBL2581,CN1C(=O)C(c2cccc(-c3cncnc3)c2)(c2csc(Cl)c2)N=C1N,4.52,0.0,1
CHEMBL2581,CN1C(=O)C(c2ccccc2)(C23CC4CC(CC(C4)C2)C3)N=C1N,4.56,0.0,1
CHEMBL2581,CN1C(=O)C(c2ccccc2)(C2CCCCC2)N=C1N,4.62,0.0,1
CHEMBL2581,CN1C(=O)C(c2ccccc2)(c2ccc(Cl)cc2)N=C1N,4.42,0.0,1
CHEMBL2581,CN1C(=O)C(c2ccccc2)(c2cccc(Cl)c2)N=C1N,4.16,0.0,1
CHEMBL2581,CN1C(=O)C(c2ccncc2)(c2cccc(-c3cc(F)cc(F)c3)c2)N=C1N,4.47,0.0,1
CHEMBL2581,CN1C(=O)C(c2ccncc2)(c2cccc(-c3cc(F)ccc3F)c2)N=C1N,5.03,0.0,1
CHEMBL2581,CN1C(=O)C(c2ccncc2)(c2cccc(-c3cccc(C#N)c3)c2)N=C1N,4.62,0.0,1
CHEMBL2581,CN1C(=O)C(c2ccncc2)(c2cccc(-c3cccc(F)c3)c2)N=C1N,4.68,0.0,1
CHEMBL2581,CN1C(=O)C(c2ccncc2)(c2cccc(-c3cccc(F)c3F)c2)N=C1N,4.88,0.0,1
CHEMBL2581,CN1C(=O)C(c2ccncc2)(c2cccc(-c3cccc(OC(F)(F)F)c3)c2)N=C1N,4.85,0.0,1
CHEMBL2581,CN1C(=O)C(c2ccncc2)(c2cccc(-c3ccccc3)c2)N=C1N,4.52,0.0,1
CHEMBL2581,CN1C(=O)C(c2ccncc2)(c2cccc(-c3cccnc3F)c2)N=C1N,4.76,0.0,1
CHEMBL2581,CN1C(=O)C(c2ccncc2)(c2cccc(-c3ccoc3)c2)N=C1N,4.33,0.0,1
CHEMBL2581,CN1C(=O)C(c2ccncc2)(c2cccc(-c3ccsc3)c2)N=C1N,4.5,0.0,1
CHEMBL2581,CN1C(=O)C(c2ccsc2)(c2ccc(F)c(-c3cccnc3)c2)N=C1N,4.89,0.0,1
CHEMBL2581,CN1C(=O)C(c2ccsc2)(c2ccc(F)c(-c3cccnc3F)c2)N=C1N,5.66,0.0,1
CHEMBL2581,CN1C(=O)C(c2ccsc2)(c2cccc(-c3cccnc3)c2)N=C1N,4.66,0.0,1
CHEMBL2581,CN1C(=O)C(c2ccsc2)(c2cccc(-c3cccnc3F)c2)N=C1N,5.1,0.0,1
CHEMBL2581,CN1C(=O)C(c2ccsc2)(c2cccc(-c3cnccn3)c2)N=C1N,4.48,0.0,1
CHEMBL2581,CN1C(=O)C(c2ccsc2)(c2cccc(-c3cncnc3)c2)N=C1N,4.58,0.0,1
CHEMBL2581,CN1C(=O)C2(CC(C)(C)C(=O)c3ccc(-c4cncnc4)cc32)N=C1N,5.04,0.0,1
CHEMBL2581,CN1C(=O)C2(CC(C)(C)C(F)(F)c3ccc(-c4cncnc4)cc32)N=C1N,5.4,0.0,1
CHEMBL2581,CN1C(=O)C2(CC(C)(C)Cc3ccc(-c4cc(F)cc(Cl)c4)cc32)N=C1N,6.21,0.0,1
CHEMBL2581,CN1C(=O)C2(CC(C)(C)Cc3ccc(-c4cccc(C#N)c4)cc32)N=C1N,5.72,0.0,1
CHEMBL2581,CN1C(=O)C2(CC(C)(C)Cc3ccc(-c4cccnc4F)cc32)N=C1N,5.75,0.0,1
CHEMBL2581,CN1C(=O)C2(CC(C)(C)Cc3ccc(-c4cncc(Cl)c4)cc32)N=C1N,5.78,0.0,1
CHEMBL2581,CN1C(=O)C2(CC(C)(C)Cc3ccc(-c4cncnc4)cc32)N=C1N,4.99,0.0,1
CHEMBL2581,CN1C(=O)C2(CC(C)(C)Oc3ccc(-c4cc(Cl)cc(Cl)c4)cc32)N=C1N,6.73,0.0,1
CHEMBL2581,CN1C(=O)C2(CC(C)(C)Oc3ccc(-c4cc(Cl)ccc4F)cc32)N=C1N,6.58,0.0,1
CHEMBL2581,CN1C(=O)C2(CC(C)(C)Oc3ccc(-c4cc(F)cc(Cl)c4)cc32)N=C1N,5.99,0.0,1
CHEMBL2581,CN1C(=O)C2(CC(C)(C)Oc3ccc(-c4cccc(C#N)c4)cc32)N=C1N,5.93,0.0,1
CHEMBL2581,CN1C(=O)C2(CC(C)(C)Oc3ccc(-c4cccc(C(F)(F)F)c4)cc32)N=C1N,6.1,0.0,1
CHEMBL2581,CN1C(=O)C2(CC(C)(C)Oc3ccc(-c4cccc(Cl)c4)cc32)N=C1N,6.13,0.0,1
CHEMBL2581,CN1C(=O)C2(CC(C)(C)Oc3ccc(-c4cccc(F)c4)cc32)N=C1N,5.64,0.0,1
CHEMBL2581,CN1C(=O)C2(CC(C)(C)Oc3ccc(-c4cccc(OC(F)F)c4)cc32)N=C1N,6.2,0.0,1
CHEMBL2581,CN1C(=O)C2(CC(C)(C)Oc3ccc(-c4ccccc4)cc32)N=C1N,5.36,0.0,1
CHEMBL2581,CN1C(=O)C2(CC(C)(C)Oc3ccc(-c4ccccn4)cc32)N=C1N,4.42,0.0,1
CHEMBL2581,CN1C(=O)C2(CC(C)(C)Oc3ccc(-c4cccnc4)cc32)N=C1N,5.07,0.0,1
CHEMBL2581,CN1C(=O)C2(CC(C)(C)Oc3ccc(-c4cccnc4F)cc32)N=C1N,5.43,0.0,1
CHEMBL2581,CN1C(=O)C2(CC(C)(C)Oc3ccc(-c4ccncc4)cc32)N=C1N,4.3,0.0,1
CHEMBL2581,CN1C(=O)C2(CC(C)(C)Oc3ccc(-c4ccns4)cc32)N=C1N,5.55,0.0,1
CHEMBL2581,CN1C(=O)C2(CC(C)(C)Oc3ccc(-c4cncc(C(F)(F)F)c4)cc32)N=C1N,5.68,0.0,1
CHEMBL2581,CN1C(=O)C2(CC(C)(C)Oc3ccc(-c4cncc(Cl)c4)cc32)N=C1N,5.79,0.0,1
CHEMBL2581,CN1C(=O)C2(CC(C)(C)Oc3ccc(-c4cncc(F)c4)cc32)N=C1N,5.17,0.0,1
CHEMBL2581,CN1C(=O)C2(CC(C)(C)Oc3ccc(-c4cncnc4)cc32)N=C1N,4.83,0.0,1
CHEMBL2581,CN1C(=O)C2(CC(C)(C)Oc3ccc(Br)cc32)N=C1N,4.01,0.0,1
CHEMBL2581,CN1C(=O)C2(CC(C)(C)Oc3ccc(C4CCCCC4)cc32)N=C1N,5.6,0.0,1
CHEMBL2581,CN1C(=O)C2(CC(C)(C)Sc3ccc(-c4cc(F)cc(Cl)c4)cc32)N=C1N,6.32,0.0,1
CHEMBL2581,CN1C(=O)C2(CC(C)(C)Sc3ccc(-c4cccc(C#N)c4)cc32)N=C1N,6.22,0.0,1
CHEMBL2581,CN1C(=O)C2(CC(C)(C)Sc3ccc(-c4cncc(Cl)c4)cc32)N=C1N,6.39,0.0,1
CHEMBL2581,CN1C(=O)C2(CC(C)(C)Sc3ccc(-c4cncnc4)cc32)N=C1N,5.51,0.0,1
CHEMBL2581,CN1C(=O)[C@@](c2ccc(OC(F)(F)F)cc2)(c2ccc(F)c(-c3cncnc3)c2)N=C1N,5.63,0.0,1
CHEMBL2581,CN1C(=O)[C@@](c2ccc(OC(F)(F)F)cc2)(c2cccc(-c3cccnc3F)c2)N=C1N,5.5,0.0,1
CHEMBL2581,CN1C(=O)[C@@](c2ccc(OC(F)F)cc2)(c2ccc(F)c(C#CC3CC3)c2)N=C1N,5.82,0.0,1
CHEMBL2581,CN1C(=O)[C@@](c2ccc(OC(F)F)cc2)(c2ccc(F)c(C#CCCCF)c2)N=C1N,5.94,0.0,1
CHEMBL2581,CN1C(=O)[C@@](c2ccc(OC(F)F)cc2)(c2ccc(F)c(OCC(F)F)c2)N=C1N,5.58,0.0,1
CHEMBL2581,CN1C(=O)[C@@](c2ccc(OC(F)F)cc2)(c2ccc(F)c(OCCCF)c2)N=C1N,5.53,0.0,1
CHEMBL2581,CN1C(=O)[C@@](c2ccc(OC(F)F)cc2)(c2cccc(-c3cccnc3F)c2)N=C1N,6.52,0.0,1
CHEMBL2581,CN1C(=O)[C@@](c2ccc(OC(F)F)cc2)(c2cccc(C#CC3CC3)c2)N=C1N,5.43,0.0,1
CHEMBL2581,CN1C(=O)[C@@](c2ccc(OC(F)F)cc2)(c2cccc(C#CCCCCF)c2)N=C1N,5.46,0.0,1
CHEMBL2581,CN1C(=O)[C@@](c2ccc(OCCF)cc2)(c2cccc(-c3cccnc3F)c2)N=C1N,5.63,0.0,1
CHEMBL2581,CN1C(=O)[C@@](c2ccncc2)(c2cccc(-c3cc(F)ccc3F)c2)N=C1N,5.26,0.0,1
CHEMBL2581,CN1C(=O)[C@](c2ccc(OC(F)(F)F)cc2)(c2ccc(F)c(-c3cncnc3)c2)N=C1N,4.94,0.0,1
CHEMBL2581,CN1C(=O)[C@](c2cccc(-c3cccnc3F)c2)(c2cnn(CC(F)(F)F)c2)N=C1N,5.32,0.0,1
CHEMBL2581,CN1C(=O)[C@](c2ccccc2)(c2ccc(OC(F)(F)F)cc2)N=C1N,4.5,0.0,1
CHEMBL2581,CN1C(=O)[C@](c2ccccc2)(c2ccc(OC(F)F)cc2)N=C1N,4.28,0.0,1
CHEMBL2581,CN1C(=O)[C@](c2ccncc2)(c2cccc(-c3cc(F)ccc3F)c2)N=C1N,4.58,0.0,1
CHEMBL2581,CN1C(=O)[C@]2(CC(C)(C)Cc3ccc(-c4cccc(C#N)c4)cc32)N=C1N,5.9,0.0,1
CHEMBL2581,CN1C(=O)[C@]2(CC(C)(C)Cc3ccc(-c4cccnc4F)cc32)N=C1N,6.0,0.0,1
CHEMBL2581,CN1C(=O)[C@]2(CC(C)(C)Cc3ccc(-c4cncnc4)cc32)N=C1N,5.29,0.0,1
CHEMBL2581,CN1C(=O)[C@]2(CC(C)(C)Oc3ccc(-c4cncc(Cl)c4)cc32)N=C1N,5.76,0.0,1
CHEMBL2581,CN1C(=O)[C@]2(N=C1N)c1cc(-c3cc(F)cc(Cl)c3)ccc1O[C@H]1CCOC[C@@H]12,5.64,0.0,1
CHEMBL2581,CNC(=O)Oc1ccc(C[C@@H]2CS(=O)(=O)C[C@H](NCc3cccc(C(C)C)c3)[C@H]2O)cc1Br,6.43,0.0,1
CHEMBL2581,CNC1CCN(C(=O)C[C@@H](Cc2ccccc2)C(=O)N[C@@H](CSC)C(=O)N[C@@H](CC2CCCCC2)[C@@H](O)C(=O)OC(C)C)CC1,6.26,0.0,1
CHEMBL2581,COC(=O)CCc1ccc(-c2ccc3c(=O)n(C[C@@H]4CC[C@H](c5ccccc5)O4)c(N)nc3c2)cc1,5.85,0.0,1
CHEMBL2581,COC(=O)N[C@H]1CC[C@@](NC[C@@H](O)[C@H](Cc2cc(F)cc(F)c2)NC(C)=O)(c2cccc(C(C)(C)C)c2)CN1,5.7,0.0,1
CHEMBL2581,COC(=O)[C@@H](Cc1ccccc1)N(C)C(=O)[C@H](C)NC(=O)[C@H](CC(C)C)NC(=O)C[C@H](O)[C@H](Cc1ccccc1)NC(C)=O,6.38,0.0,1
CHEMBL2581,COC(=O)[C@@H]1CCCN1C(=O)[C@@H](Cc1ccccc1)N(C)C(=O)[C@@H](C)NC(=O)[C@H](CC(C)C)NC(=O)C[C@H](O)[C@H](Cc1ccccc1)NC(=O)[C@H](CCC(N)=O)N(C)C(=O)[C@@H](NC(=O)[C@H](C)O)C(C)C,5.12,0.0,1
CHEMBL2581,COC(=O)[C@@H]1CCCN1C(=O)[C@@H](Cc1ccccc1)N(C)C(=O)[C@H](C)NC(=O)[C@@H](NC(=O)C[C@H](O)[C@H](CC(C)C)NC(=O)[C@H](CC(N)=O)NC(=O)[C@H](CC(C)C)NC(=O)[C@H](OC(=O)[C@@H](OC(=O)[C@H](C(C)C)N(C)C)C(C)C)C(C)C)[C@@H](C)O,6.66,1.4404166064024673,3
CHEMBL2581,COC(=O)[C@@H]1CCCN1C(=O)[C@@H](Cc1ccccc1)N(C)C(=O)[C@H](C)NC(=O)[C@H](CC(C)C)NC(=O)C[C@H](O)[C@H](Cc1ccccc1)NC(=O)[C@H](CCC(N)=O)N(C)C(=O)[C@@H](N)C(C)C,7.76,0.0,1
CHEMBL2581,COC(=O)[C@@H]1CCCN1C(=O)[C@@H](Cc1ccccc1)N(C)C(=O)[C@H](C)NC(=O)[C@H](CC(C)C)NC(=O)C[C@H](O)[C@H](Cc1ccccc1)NC(=O)[C@H](CCC(N)=O)N(C)C(=O)[C@@H](NC(=O)OC(C)(C)C)C(C)C,9.9,0.0,1
CHEMBL2581,COC(=O)[C@@H]1CCCN1C(=O)[C@@H](Cc1ccccc1)N(C)C(=O)[C@H](C)NC(=O)[C@H](CC(C)C)NC(=O)C[C@H](O)[C@H](Cc1ccccc1)NC(=O)[C@H](CCC(N)=O)N(C)C(=O)[C@@H](NC(=O)OCc1ccccc1)C(C)C,10.11,0.0,1
CHEMBL2581,COC(=O)[C@@H]1CCCN1C(=O)[C@@H](Cc1ccccc1)N(C)C(=O)[C@H](C)NC(=O)[C@H](CC(C)C)NC(=O)C[C@H](O)[C@H](Cc1ccccc1)NC(=O)[C@H](CCC(N)=O)N(C)C(=O)[C@@H](NC(=O)[C@H](C)O)C(C)C,6.74,0.0,1
CHEMBL2581,COC(=O)[C@@H]1CCCN1C(=O)[C@@H](Cc1ccccc1)N(C)C(=O)[C@H](C)NC(=O)[C@H](CC(C)C)NC(=O)C[C@H](O)[C@H](Cc1ccccc1)NC(=O)[C@H](CCC(N)=O)NC(C)=O,8.11,0.0,1
CHEMBL2581,COC(=O)[C@@H]1CCCN1C(=O)[C@@H](Cc1ccccc1)N(C)C(=O)[C@H](C)NC(=O)[C@H](CC(C)C)NC(=O)C[C@H](O)[C@H](Cc1ccccc1)NC(=O)c1cc(C(=O)N[C@H](C)c2ccccc2)cc(N(C)S(C)(=O)=O)c1,8.23,0.0,1
CHEMBL2581,COC(=O)[C@@H]1CCCN1C(=O)[C@@H](Cc1ccccc1)N(C)C(=O)[C@H](C)NC(=O)[C@H](CC(C)C)NC(=O)C[C@H](O)[C@H](Cc1ccccc1)NC(=O)c1cc(NS(C)(=O)=O)cc(C(=O)N[C@H](C)c2ccccc2)c1,7.95,0.0,1
CHEMBL2581,COC(=O)[C@@H]1CCCN1C(=O)[C@@H](Cc1ccccc1)N(C)C(=O)[C@H](C)NC(=O)[C@H](CC(C)C)NC(=O)C[C@H](O)[C@H](Cc1ccccc1)NC(C)=O,7.14,0.0,1
CHEMBL2581,COC(=O)[C@@H]1CCCN1C(=O)[C@@H](Cc1ccccc1)NC(=O)[C@H](C)NC(=O)[C@H](CC(C)C)NC(=O)C[C@H](O)[C@H](Cc1ccccc1)NC(=O)[C@H](CCC(N)=O)N(C)C(=O)[C@@H](NC(=O)[C@H](C)O)C(C)C,7.05,0.0,1
CHEMBL2581,COC(=O)[C@@H]1CCCN1C(=O)[C@H](Cc1ccccc1)N(C)C(=O)[C@@H](C)NC(=O)[C@H](CC(C)C)NC(=O)C[C@H](O)[C@H](Cc1ccccc1)NC(=O)[C@H](CCC(N)=O)N(C)C(=O)[C@@H](NC(=O)[C@H](C)O)C(C)C,5.46,0.0,1
CHEMBL2581,COC(=O)[C@@H]1CCCN1C(=O)[C@H](Cc1ccccc1)N(C)C(=O)[C@H](C)NC(=O)[C@H](CC(C)C)NC(=O)C[C@H](O)[C@H](Cc1ccccc1)NC(=O)[C@H](CCC(N)=O)N(C)C(=O)[C@@H](NC(=O)[C@H](C)O)C(C)C,6.6,0.0,1
CHEMBL2581,COCC#Cc1cccc([C@@]2(c3ccc(OC(F)F)cc3)N=C(N)N(C)C2=O)c1,5.21,0.0,1
CHEMBL2581,COCC(=O)N[C@@H](Cc1ccc(F)cc1)[C@H](O)CN[C@H]1C[C@]2(C[C@H](O)C2)Oc2ncc(CC(C)(C)C)cc21,6.16,0.0,1
CHEMBL2581,COCCC#Cc1cccc([C@@]2(c3ccc(OC(F)F)cc3)N=C(N)N(C)C2=O)c1,5.0,0.0,1
CHEMBL2581,COCCN(CCOC)C(=O)c1cc(C(=O)N[C@@H](Cc2ccccc2)[C@H](O)CNC(C)(C)c2cccc(OC)c2)cc(N2CCCCC2)c1,7.0,0.0,1
CHEMBL2581,COCCN1C(=O)C2(CC(C)(C)Oc3ccc(-c4cccc(Cl)c4)cc32)N=C1N,6.48,0.0,1
CHEMBL2581,COCCNC(=O)c1cc(C(=O)N[C@@H](Cc2ccccc2)[C@H](O)CNC(C)(C)c2cccc(OC)c2)cc(N2CCCCC2)c1,6.12,0.0,1
CHEMBL2581,COCCOC[C@@H](Oc1cc(C[C@@H]2CS(=O)(=O)C[C@H](NCc3cccc(C(C)(C)C)c3)[C@H]2O)cc(F)c1N)C(F)(F)F,6.6,0.0,1
CHEMBL2581,COCCOc1cc(C[C@@H]2CS(=O)(=O)C[C@H](NCc3cccc(C(C)(C)C)c3)[C@H]2O)cc(F)c1N,5.4,0.0,1
CHEMBL2581,COCCOc1cnc(C(=O)Nc2ccc(F)c([C@]3(C)CO[C@@](C)(C(F)(F)F)C(N)=N3)n2)c(N)n1,4.02,0.0,1
CHEMBL2581,COC[C@@H](Oc1cc(C[C@@H]2CS(=O)(=O)C[C@H](NCc3cccc(C(C)(C)C)c3)[C@H]2O)cc(F)c1N)C(F)(F)F,6.6,0.0,1
CHEMBL2581,COC[C@@H](Oc1cc(C[C@@H]2C[S@@+]([O-])C[C@H](NCc3cc(C(C)(C)C)ccc3F)[C@H]2O)cc(F)c1N)C(F)(F)F,6.54,0.0,1
CHEMBL2581,COC[C@@H](Oc1cc(C[C@@H]2C[S@@+]([O-])C[C@H](NCc3cc(CC(C)(C)C)on3)[C@H]2O)cc(F)c1N)C(F)(F)F,5.45,0.0,1
CHEMBL2581,COC[C@@H](Oc1cc(C[C@@H]2C[S@@+]([O-])C[C@H](NCc3cccc(C(C)(C)C)c3)[C@H]2O)cc(F)c1N)C(F)(F)F,6.09,0.0,1
CHEMBL2581,COC[C@@H](Oc1cc(C[C@@H]2C[S@@+]([O-])C[C@H](NCc3cccc(C(C)(C)CO)c3)[C@H]2O)cc(F)c1N)C(F)(F)F,5.47,0.0,1
CHEMBL2581,COC[C@@H](Oc1cc(C[C@@H]2C[S@@+]([O-])C[C@H](NCc3cccc(C(C)(C)O)c3)[C@H]2O)cc(F)c1N)C(F)(F)F,5.1,0.0,1
CHEMBL2581,COC[C@@H](Oc1cc(C[C@@H]2C[S@@+]([O-])C[C@H](NCc3cccc(C(C)C)c3)[C@H]2O)cc(F)c1N)C(F)(F)F,5.39,0.0,1
CHEMBL2581,COC[C@@H](Oc1cc(C[C@@H]2C[S@@+]([O-])C[C@H](NCc3cccc(OC(C)C)c3)[C@H]2O)cc(F)c1N)C(F)(F)F,6.11,0.0,1
CHEMBL2581,COC[C@@H](Oc1cc(C[C@@H]2C[S@@+]([O-])C[C@H](NCc3cccc(OC(F)(F)F)c3)[C@H]2O)cc(F)c1N)C(F)(F)F,5.17,0.0,1
CHEMBL2581,COC[C@@H](Oc1cc(C[C@@H]2C[S@@+]([O-])C[C@H](NCc3cnn(CC(C)(C)C)c3)[C@H]2O)cc(F)c1N)C(F)(F)F,5.01,0.0,1
CHEMBL2581,COC[C@@H](Oc1cc(C[C@@H]2C[S@@+]([O-])C[C@H](N[C@H](C)c3cccc(C(C)(C)C)c3)[C@H]2O)cc(F)c1N)C(F)(F)F,6.12,0.0,1
CHEMBL2581,COC[C@@]1(C)C[C@H](NC[C@@H](O)[C@H](Cc2cc(F)cc(F)c2)NC(C)=O)c2cc(CC(C)(C)C)ccc2O1,8.3,0.0,1
CHEMBL2581,COCc1cc2cc(c1)C(=O)N[C@H]([C@H](O)CNC1(c3cccc(C(C)C)c3)CC1)Cc1cccc(c1)OCCCCN2,9.0,0.0,1
CHEMBL2581,COCc1cc2cc(n1)OCCCCOc1cccc(c1)C[C@@H]([C@H](O)CNC1(c3cccc(C(C)C)c3)CC1)NC2=O,8.52,0.0,1
CHEMBL2581,CON[C@H]1CC[C@@](NC[C@@H](O)[C@H](Cc2cc(F)cc(F)c2)NC(C)=O)(c2cccc(C(C)(C)C)c2)CN1,6.28,0.0,1
CHEMBL2581,CO[C@@H](Cc1cc(C[C@@H]2CS(=O)(=O)C[C@H](NCc3cccc(C(C)(C)C)c3)[C@H]2O)cc(F)c1N)C(F)(F)F,5.94,0.0,1
CHEMBL2581,CO[C@H]1CC[C@@](NC[C@@H](O)[C@H](Cc2cc(F)cc(F)c2)NC(C)=O)(c2cccc(C(C)(C)C)c2)CN1,6.89,0.0,1
CHEMBL2581,COc1cc(Br)c(C(=O)N[C@@H](Cc2cccc(Oc3ccccc3)c2)[C@@H](O)CN(CCc2ccc(Cl)cc2Cl)C(=O)CCN2C(=O)c3ccccc3C2=O)cc1OC,7.07,0.0,1
CHEMBL2581,COc1cc(C(=O)N[C@@H](Cc2ccccc2)[C@H](O)CN[C@@H](C)C(=O)NC2CCCCC2)cc(N2CCCC2=O)c1,4.52,0.0,1
CHEMBL2581,COc1cc(C(=O)c2c(OCC(=O)O)ccc3ccccc23)cc(OC)c1OC,7.22,0.0,1
CHEMBL2581,COc1cc(C(C)(C)C)cc(C2(NC[C@@H](O)[C@H](Cc3cc(F)cc(F)c3)NC(C)=O)CCCCC2)c1,7.33,0.0,1
CHEMBL2581,COc1cc(C[C@@H]2C[S@@+]([O-])C[C@H](NCc3cccc(C(C)(C)C)c3)[C@H]2O)cc(F)c1N,5.91,0.0,1
CHEMBL2581,COc1cc(F)cc(-c2ccc3c(c2)C2(CC(C)(C)O3)N=C(N)N(C)C2=O)c1,6.17,0.0,1
CHEMBL2581,COc1cc(NC(=O)/C=C/COc2ccc3ccccc3c2C(=O)c2cc(OC)c(OC)c(OC)c2)cc(OC)c1OC,4.91,0.0,1
CHEMBL2581,COc1ccc(-c2ccc3c(c2)C2(CC(C)(C)O3)N=C(N)N(C)C2=O)cc1,5.2,0.0,1
CHEMBL2581,COc1ccc(-c2cccc(C3(c4ccc(OC(F)(F)F)cc4)N=C(N)N(C)C3=O)c2)cn1,5.35,0.0,1
CHEMBL2581,COc1ccc(C(=O)Cn2c(-c3ccccn3)nc3ccccc32)cc1,4.85,0.0,1
CHEMBL2581,COc1ccc(C2(C34CC5CC(CC(C5)C3)C4)N=C(N)N(C)C2=O)cc1,4.82,0.0,1
CHEMBL2581,COc1ccc(C2(C34CC5CC(CC(C5)C3)C4)N=C(N)N(C)C2=O)cc1C,4.96,0.0,1
CHEMBL2581,COc1ccc(C2(C34CC5CC(CC(C5)C3)C4)N=C(N)N(C)C2=O)cc1OC,4.44,0.0,1
CHEMBL2581,COc1ccc(C2(c3ccc(C#N)c(-c4cccnc4)c3)N=C(N)N(C)C2=O)cc1C,5.66,0.0,1
CHEMBL2581,COc1ccc(C2(c3ccc(C)c(-c4cccnc4)c3)N=C(N)N(C)C2=O)cc1C,5.61,0.0,1
CHEMBL2581,COc1ccc(C2(c3ccc(F)c(-c4cccnc4F)c3)N=C(N)N(C)C2=O)cc1C,5.62,0.0,1
CHEMBL2581,COc1ccc(C2(c3ccc(F)c(-c4cncnc4)c3)N=C(N)N(C)C2=O)cc1C,5.17,0.0,1
CHEMBL2581,COc1ccc(C2(c3ccc(OC)cc3)NC(=N)N(C3CCN(C(=O)OC(C)(C)C)CC3)C2=O)cc1,6.28,0.0,1
CHEMBL2581,COc1ccc(C2(c3ccc(OC)cc3)NC(=N)N(CC3CCOCC3)C2=O)cc1,6.03,0.0,1
CHEMBL2581,COc1ccc(C2(c3cccc(-c4cc(Cl)ccc4F)c3)COC(N)=N2)cc1,4.97,0.0,1
CHEMBL2581,COc1ccc(C2(c3cccc(-c4ccc(F)nc4)c3)COC(N)=N2)cc1,4.32,0.0,1
CHEMBL2581,COc1ccc(C2(c3cccc(-c4cccc(Cl)c4)c3)COC(N)=N2)cc1,4.9,0.0,1
CHEMBL2581,COc1ccc(C2(c3cccc(-c4cccnc4)c3)N=C(N)N(C)C2=O)cc1C,4.9,0.0,1
CHEMBL2581,COc1ccc(C2(c3cccc(-c4cccnc4)c3)N=C(N)N(C)C2=O)cc1C#N,5.14,0.0,1
CHEMBL2581,COc1ccc(C2(c3cccc(-c4cccnc4)c3)N=C(N)N(C)C2=O)cc1C(F)(F)F,5.46,0.0,1
CHEMBL2581,COc1ccc(C2(c3cccc(-c4cccnc4)c3)N=C(N)N(C)C2=O)cc1C1CCCC1,5.73,0.0,1
CHEMBL2581,COc1ccc(C2(c3cccc(-c4cccnc4)c3)N=C(N)N(C)C2=O)cc1Cl,5.2,0.0,1
CHEMBL2581,COc1ccc(C2(c3cccc(-c4cccnc4)c3)N=C(N)N(C)C2=O)cc1F,5.28,0.0,1
CHEMBL2581,COc1ccc(C2(c3cccc(-c4cccnc4)c3)N=C(N)N(C)C2=O)cc1OC,4.64,0.0,1
CHEMBL2581,COc1ccc(C2(c3cccc(-c4cccnc4)c3)N=C(N)N(C)C2=O)cc1OC(C)C,4.91,0.0,1
CHEMBL2581,COc1ccc(C2(c3cccc(-c4cccnc4)c3)N=C(N)N(C)C2=O)cc1OC1CCCC1,5.08,0.0,1
CHEMBL2581,COc1ccc(C2(c3cccc(-c4cccnc4)c3)NC(=N)N(C3CCCCC3)C2=O)cc1,4.83,0.0,1
CHEMBL2581,COc1ccc(C2(c3cccc(-c4cccnc4F)c3)COC(N)=N2)cc1,4.9,0.0,1
CHEMBL2581,COc1ccc(C2(c3cccc(-c4cccnc4F)c3)N=C(N)N(C)C2=O)cc1C,5.585,0.007071067811865324,2
CHEMBL2581,COc1ccc(C2(c3cccc(-c4cccnc4F)c3)N=C(N)N3CCCN=C32)cc1,4.78,0.0,1
CHEMBL2581,COc1ccc(C2(c3cccc(-c4cncnc4)c3)N=C(N)N(C)C2=O)cc1C,4.84,0.0,1
CHEMBL2581,COc1ccc(C2(c3cccc(-c4cncnc4)c3)N=C(N)N3CCCN=C32)cc1,4.16,0.0,1
CHEMBL2581,COc1ccc(CN[C@@H](C(=O)N[C@H](C(=O)NCc2ccccc2)C(C)C)[C@H](O)[C@H](Cc2ccccc2)NC(=O)[C@@H](NC(=O)OCc2ccccc2)C(C)C)cc1,6.96,0.0,1
CHEMBL2581,COc1ccc(CN[C@@H](C(=O)N[C@H](C(=O)NCc2nc3ccccc3[nH]2)C(C)C)[C@H](O)[C@H](Cc2ccccc2)NC(=O)[C@@H](NC(=O)C(C)Oc2ccccc2)C(C)(C)C)cc1,5.7,0.0,1
CHEMBL2581,COc1ccc(CN[C@@H](C(=O)N[C@H](C(=O)NCc2nc3ccccc3[nH]2)C(C)C)[C@H](O)[C@H](Cc2ccccc2)NC(=O)[C@@H](NC(=O)OCc2ccccc2)C(C)(C)C)cc1,6.0,0.0,1
CHEMBL2581,COc1ccc(CN[C@@H](C(=O)N[C@H](C(=O)NCc2nc3ccccc3[nH]2)C(C)C)[C@H](O)[C@H](Cc2ccccc2)NC(=O)[C@@H](NC(=O)OCc2ccccc2)C(C)C)cc1,6.42,0.0,1
CHEMBL2581,COc1ccc(C[C@@H]2CS(=O)(=O)C[C@H](NCc3cccc(C(C)C)c3)[C@H]2O)cc1Br,5.62,0.0,1
CHEMBL2581,COc1ccc(Cc2cccc(C3(c4ccccc4)N=C(N)N4CCCN=C43)c2)cc1,4.6,0.0,1
CHEMBL2581,COc1ccc(F)c(-c2ccc3c(c2)C2(CC(C)(C)O3)N=C(N)N(C)C2=O)c1,6.6,0.0,1
CHEMBL2581,COc1ccc(F)c(-c2ccc3c(c2)C2(COC(N)=N2)c2cc(OC)ccc2O3)c1,4.86,0.0,1
CHEMBL2581,COc1ccc(N(c2cccc(C(=O)N[C@@H](Cc3ccccc3)[C@H](O)CN[C@@H](C)C(=O)NC3CCCCC3)c2)S(C)(=O)=O)cc1,6.46,0.0,1
CHEMBL2581,COc1ccc(NC(=O)/C=C/COc2ccc3ccccc3c2C(=O)c2cc(OC)c(OC)c(OC)c2)cc1,5.33,0.0,1
CHEMBL2581,COc1ccc(OC)c(C(=O)Cn2c(-c3ccccn3)nc3ccccc32)c1,4.67,0.0,1
CHEMBL2581,COc1ccc([C@@]2(C34CC5CC(CC(C5)C3)C4)N=C(N)N(C)C2=O)cc1,4.68,0.0,1
CHEMBL2581,COc1ccc([C@@]2(C34CC5CC(CC(C5)C3)C4)N=C(N)N(C)C2=O)cc1C,4.88,0.0,1
CHEMBL2581,COc1ccc([C@@]2(c3ccc(F)c(-c4cccnc4F)c3)N=C(N)N(C)C2=O)cc1C,6.09,0.0,1
CHEMBL2581,COc1ccc([C@]2(C34CC5CC(CC(C5)C3)C4)N=C(N)N(C)C2=O)cc1,4.87,0.0,1
CHEMBL2581,COc1ccc([C@]2(C34CC5CC(CC(C5)C3)C4)N=C(N)N(C)C2=O)cc1C,5.04,0.0,1
CHEMBL2581,COc1ccc([C@]2(c3ccc(F)c(-c4cccnc4F)c3)N=C(N)N(C)C2=O)cc1C,5.57,0.0,1
CHEMBL2581,COc1ccc([C@]2(c3cccc(-c4cccnc4F)c3)N=C(N)N(C)C2=O)cc1,5.93,0.0,1
CHEMBL2581,COc1ccc2c(c1)C1(COC(N)=N1)c1cc(-c3cc(Cl)c(C)cc3F)ccc1O2,4.86,0.0,1
CHEMBL2581,COc1ccc2c(c1)C1(COC(N)=N1)c1cc(-c3cc(Cl)ccc3F)ccc1O2,5.43,0.0,1
CHEMBL2581,COc1ccc2c(c1)C1(COC(N)=N1)c1cc(-c3ccc(Cl)cc3F)ccc1O2,4.54,0.0,1
CHEMBL2581,COc1ccc2c(c1)C1(COC(N)=N1)c1cc(-c3cccc(C)c3)ccc1O2,4.57,0.0,1
CHEMBL2581,COc1ccc2c(c1)C1(COC(N)=N1)c1cc(-c3cccc(Cl)c3)ccc1O2,4.45,0.0,1
CHEMBL2581,COc1ccc2c(c1)C1(COC(N)=N1)c1cc(-c3cccc(Cl)c3F)ccc1O2,4.86,0.0,1
CHEMBL2581,COc1ccc2c(c1)C1(COC(N)=N1)c1cc(-c3cccc(OC(F)(F)F)c3)ccc1O2,4.7,0.0,1
CHEMBL2581,COc1ccc2c(c1)C1(COC(N)=N1)c1cc(-c3cccc(OC)c3F)ccc1O2,4.43,0.0,1
CHEMBL2581,COc1ccc2c(c1)C1(COC(N)=N1)c1cc(-c3ccccc3C)ccc1O2,4.51,0.0,1
CHEMBL2581,COc1ccc2c(c1)C1(COC(N)=N1)c1cc(-c3ccccc3Cl)ccc1O2,4.78,0.0,1
CHEMBL2581,COc1ccc2c(c1)C1(COC(N)=N1)c1cc(-c3cccnc3F)ccc1O2,4.8,0.0,1
CHEMBL2581,COc1ccc2c(c1)C1(COC(N)=N1)c1cc(-c3ccnc(Cl)c3)ccc1O2,4.36,0.0,1
CHEMBL2581,COc1ccc2c(c1)C1(COC(N)=N1)c1cc(-c3cncnc3)ccc1O2,4.43,0.0,1
CHEMBL2581,COc1ccc2c(c1)[C@]1(COC(N)=N1)c1cc(-c3cncnc3)ccc1O2,4.53,0.0,1
CHEMBL2581,COc1cccc(-c2ccc3c(c2)C2(CC(C)(C)O3)N=C(N)N(C)C2=O)c1,6.53,0.0,1
CHEMBL2581,COc1cccc(-c2cccc(C3(c4ccncc4)N=C(N)N(C)C3=O)c2)c1,4.91,0.0,1
CHEMBL2581,COc1cccc(C(C)(C)NC[C@@H](O)[C@@H]2Cc3cccc(c3)OCCCCN(C)C(=O)c3cccc(c3)C(=O)N2)c1,6.5,0.0,1
CHEMBL2581,COc1cccc(C(C)(C)NC[C@@H](O)[C@@H]2Cc3cccc(c3)OCCCCN(CC(C)(C)C)C(=O)c3cccc(c3)C(=O)N2)c1,6.2,0.0,1
CHEMBL2581,COc1cccc(C(C)(C)NC[C@@H](O)[C@@H]2Cc3cccc(c3)OCCCCN(CCC(F)(F)F)C(=O)c3cccc(c3)C(=O)N2)c1,6.64,0.0,1
CHEMBL2581,COc1cccc(C(C)(C)NC[C@@H](O)[C@@H]2Cc3cccc(c3)OCCCCN(CCN(C)C)C(=O)c3cccc(c3)C(=O)N2)c1,5.17,0.0,1
CHEMBL2581,COc1cccc(C(C)(C)NC[C@@H](O)[C@@H]2Cc3cccc(c3)OCCCCNC(=O)c3cccc(c3)C(=O)N2)c1,6.19,0.0,1
CHEMBL2581,COc1cccc(C(C)(C)NC[C@@H](O)[C@H](Cc2ccccc2)NC(=O)c2cc(C(=O)N(C)C)cc(N3CCCCC3)c2)c1,6.3,0.0,1
CHEMBL2581,COc1cccc(C(C)(C)NC[C@@H](O)[C@H](Cc2ccccc2)NC(=O)c2cc(C(=O)N(CC(C)C)CC(C)C)cc(N3CCCCC3)c2)c1,5.89,0.0,1
CHEMBL2581,COc1cccc(C(C)(C)NC[C@@H](O)[C@H](Cc2ccccc2)NC(=O)c2cc(C(=O)N(CCC(F)(F)F)CCC(F)(F)F)cc(N3CCCCC3)c2)c1,6.92,0.0,1
CHEMBL2581,COc1cccc(C(C)(C)NC[C@@H](O)[C@H](Cc2ccccc2)NC(=O)c2cc(C(=O)N(CCO)CCO)cc(N3CCCCC3)c2)c1,6.57,0.0,1
CHEMBL2581,COc1cccc(C(C)(C)NC[C@@H](O)[C@H](Cc2ccccc2)NC(=O)c2cc(C(=O)N3CCCC3)cc(N3CCCCC3)c2)c1,7.42,0.0,1
CHEMBL2581,COc1cccc(C(C)(C)NC[C@@H](O)[C@H](Cc2ccccc2)NC(=O)c2cc(C(=O)NC(C)(C)CO)cc(N3CCCCC3)c2)c1,5.84,0.0,1
CHEMBL2581,COc1cccc(C(C)(C)NC[C@@H](O)[C@H](Cc2ccccc2)NC(=O)c2cc(C(=O)NCC(C)(C)C)cc(N3CCCCC3)c2)c1,6.4,0.0,1
CHEMBL2581,COc1cccc(C(C)(C)NC[C@@H](O)[C@H](Cc2ccccc2)NC(=O)c2cc(C(=O)NCC(C)(C)O)cc(N3CCCCC3)c2)c1,5.78,0.0,1
CHEMBL2581,COc1cccc(C(C)(C)NC[C@@H](O)[C@H](Cc2ccccc2)NC(=O)c2cc(C(=O)NCC(C)(C)OC)cc(N3CCCCC3)c2)c1,5.68,0.0,1
CHEMBL2581,COc1cccc(C(C)(C)NC[C@@H](O)[C@H](Cc2ccccc2)NC(=O)c2cc(C(=O)NCC3CC3)cc(N3CCCCC3)c2)c1,6.12,0.0,1
CHEMBL2581,COc1cccc(C(C)(C)NC[C@@H](O)[C@H](Cc2ccccc2)NC(=O)c2cc(C(=O)NCC3CCCCC3)cc(N3CCCCC3)c2)c1,6.82,0.0,1
CHEMBL2581,COc1cccc(C(C)(C)NC[C@@H](O)[C@H](Cc2ccccc2)NC(=O)c2cc(C(=O)NCCC(F)(F)F)cc(N3CCCCC3)c2)c1,6.24,0.0,1
CHEMBL2581,COc1cccc(C(C)(C)NC[C@@H](O)[C@H](Cc2ccccc2)NC(=O)c2cc(C(=O)NCCCO)cc(N3CCCCC3)c2)c1,5.65,0.0,1
CHEMBL2581,COc1cccc(C(C)(C)NC[C@@H](O)[C@H](Cc2ccccc2)NC(=O)c2cc(C(=O)NCCN(C)C)cc(N3CCCCC3)c2)c1,5.32,0.0,1
CHEMBL2581,COc1cccc(C(C)(C)NC[C@@H](O)[C@H](Cc2ccccc2)NC(=O)c2cc(C(=O)NCCO)cc(N3CCCCC3)c2)c1,5.85,0.0,1
CHEMBL2581,COc1cccc(C(C)(C)NC[C@@H](O)[C@H](Cc2ccccc2)NC(=O)c2cc(C(=O)NCCOC(C)(C)C)cc(N3CCCCC3)c2)c1,6.82,0.0,1
CHEMBL2581,COc1cccc(C(C)(C)NC[C@@H](O)[C@H](Cc2ccccc2)NC(=O)c2cc(C(=O)NCc3ccccc3)cc(N3CCCCC3)c2)c1,6.66,0.0,1
CHEMBL2581,COc1cccc(C(C)(C)NC[C@@H](O)[C@H](Cc2ccccc2)NC(=O)c2cc(C(N)=O)cc(N3CCCCC3)c2)c1,6.3,0.0,1
CHEMBL2581,COc1cccc(C(C)(C)NC[C@@H](O)[C@H](Cc2ccccc2)NC(=O)c2cccc(C(=O)NCC(C)(C)C)c2)c1,5.42,0.0,1
CHEMBL2581,COc1cccc(C(C)(C)NC[C@@H](O)[C@H](Cc2ccccc2)NC(=O)c2cccc(C(=O)NCCC(F)(F)F)c2)c1,5.31,0.0,1
CHEMBL2581,COc1cccc(C2(c3cccc(OC)c3)NC(=N)N(C3CCCCC3)C2=O)c1,5.96,0.0,1
CHEMBL2581,COc1cccc(CNC[C@@H](O)[C@H](Cc2ccccc2)NC(=O)CCCCS(=O)(=O)c2ccccc2)c1,4.95,0.0,1
CHEMBL2581,COc1cccc(CNC[C@@H](O)[C@H](Cc2ccccc2)NC(=O)CCS(=O)(=O)C2CCCCC2)c1,5.16,0.0,1
CHEMBL2581,COc1cccc(CNC[C@@H](O)[C@H](Cc2ccccc2)NC(=O)CCS(=O)(=O)NCCC(C)C)c1,5.67,0.0,1
CHEMBL2581,COc1cccc(CNC[C@@H](O)[C@H](Cc2ccccc2)NC(=O)CCS(=O)(=O)c2ccccc2)c1,5.22,0.0,1
CHEMBL2581,COc1cccc(CNC[C@@H](O)[C@H](Cc2ccccc2)NC(=O)CCS(C)(=O)=O)c1,5.12,0.0,1
CHEMBL2581,COc1cccc(N(c2cccc(C(=O)N[C@@H](Cc3ccccc3)[C@H](O)CN[C@@H](C)C(=O)NC3CCCCC3)c2)S(C)(=O)=O)c1,6.19,0.0,1
CHEMBL2581,COc1ccccc1-c1ccc2c(c1)C1(CC(C)(C)O2)N=C(N)N(C)C1=O,5.46,0.0,1
CHEMBL2581,COc1ccccc1N(c1cccc(C(=O)N[C@@H](Cc2ccccc2)[C@H](O)CN[C@@H](C)C(=O)NC2CCCCC2)c1)S(C)(=O)=O,6.39,0.0,1
CHEMBL2581,COc1cccnc1Nc1ccc(F)c([C@]2(C)CC3(CCOCC3)SC(N)=N2)c1,4.83,0.0,1
CHEMBL2581,COc1cnc(C(=O)Nc2ccc(F)c([C@]34CN(c5ncc(F)cn5)C[C@H]3CSC(N)=N4)c2)cn1,4.19,0.0,1
CHEMBL2581,COc1cncc(-c2cccc(C3(c4ccsc4)N=C(N)N(C)C3=O)c2)c1,4.73,0.0,1
CHEMBL2581,COc1ncccc1-c1cccc(C2(c3ccc(OC(F)(F)F)cc3)N=C(N)N(C)C2=O)c1,5.69,0.0,1
CHEMBL2581,CS(=O)(=O)N(c1cccc(C(=O)N[C@@H](Cc2ccccc2)[C@H](O)CNCc2cccc(C(F)(F)F)c2)c1)c1ccccn1,5.61,0.537401153701776,2
CHEMBL2581,CS(=O)(=O)N(c1ccccc1)c1cc(C(=O)N[C@@H](Cc2ccccc2)[C@H](O)CNCc2cccc(C(F)(F)F)c2)cc(-c2ccccc2)c1,6.6,0.0,1
CHEMBL2581,CS(=O)(=O)N(c1ccccc1)c1cc(C(=O)N[C@@H](Cc2ccccc2)[C@H](O)CNCc2cccc(C(F)(F)F)c2)cc(C2CCCC2)c1,6.37,0.0,1
CHEMBL2581,CS(=O)(=O)N(c1ccccc1)c1cc(C(=O)N[C@@H](Cc2ccccc2)[C@H](O)CNCc2cccc(C(F)(F)F)c2)cc(N2CCCC2=O)c1,6.46,0.0,1
CHEMBL2581,CS(=O)(=O)N(c1ccccc1)c1cccc(C(=O)N[C@@H](Cc2ccccc2)[C@H](O)CNC2CC2)c1,5.02,0.0,1
CHEMBL2581,CS(=O)(=O)N(c1ccccc1)c1cccc(C(=O)N[C@@H](Cc2ccccc2)[C@H](O)CNC2CCCCC2)c1,6.71,0.0,1
CHEMBL2581,CS(=O)(=O)N(c1ccccc1)c1cccc(C(=O)N[C@@H](Cc2ccccc2)[C@H](O)CNCc2cccc(C(F)(F)F)c2)c1,6.35,0.0,1
CHEMBL2581,CS(=O)(=O)N(c1cccnc1)c1cccc(C(=O)N[C@@H](Cc2ccccc2)[C@H](O)CNCc2cccc(C(F)(F)F)c2)c1,6.365,0.049497474683058526,2
CHEMBL2581,CS(=O)(=O)N(c1ccncc1)c1cccc(C(=O)N[C@@H](Cc2ccccc2)[C@H](O)CNCc2cccc(C(F)(F)F)c2)c1,5.57,1.3859292911256333,2
CHEMBL2581,CSCC[C@H](NC(=O)[C@H](CC(C)C)NC(C)=O)C(=O)N[C@@H](CC(C)C)[C@@H](O)[C@@H]1CC(=O)C[C@H]1C(=O)N[C@@H](C)C(=O)O,5.82,0.0,1
CHEMBL2581,CSCC[C@H](NC(=O)[C@H](CC(C)C)NC(C)=O)C(=O)N[C@@H](CC(C)C)[C@@H](O)[C@@H]1CCC[C@H]1C(=O)N[C@@H](C)C(=O)O,7.05,0.0,1
CHEMBL2581,CSCC[C@H](NC(=O)[C@H](CC(C)C)NC(C)=O)C(=O)N[C@@H](CC(C)C)[C@@H](O)[C@@H]1CCC[C@H]1C(=O)N[C@H](C(=O)O)C(C)C,7.6,0.0,1
CHEMBL2581,CS[C@H]1CC[C@@](NC[C@@H](O)[C@H](Cc2cc(F)cc(F)c2)NC(C)=O)(c2cccc(C(C)(C)C)c2)CN1,7.08,0.0,1
CHEMBL2581,CSc1cccc(-c2ccc3c(c2)C2(CC(C)(C)O3)N=C(N)N(C)C2=O)c1,6.35,0.0,1
CHEMBL2581,C[C@@H](NC(=O)c1cc(C(=O)N[C@@H](Cc2ccccc2)C(O)CNC2CC2)cc(N(C)S(C)(=O)=O)c1)c1ccccc1,5.12,0.0,1
CHEMBL2581,C[C@@H](NC(=O)c1cc(C(=O)N[C@@H](Cc2ccccc2)[C@H](O)CNC2CC2)cc(N(C)S(C)(=O)=O)c1)c1ccccc1,5.12,0.0,1
CHEMBL2581,C[C@@H](O)CN/C(N)=N\C(=O)Cn1c(-c2ccccc2)ccc1C12CC3CC(CC(C3)C1)C2,4.9,0.0,1
CHEMBL2581,C[C@@H](Oc1cc(C[C@@H]2CS(=O)(=O)C[C@H](NCc3cccc(C(C)(C)C)c3)[C@H]2O)cc(F)c1N)C(F)(F)F,6.32,0.0,1
CHEMBL2581,C[C@@H]1C[C@H]1CNC(=O)[C@@H]1C[C@H]1[C@]12CN(c3ncccn3)C[C@H]1CSC(N)=N2,4.05,0.0,1
CHEMBL2581,C[C@@]1(N)Cc2cccc(c2)CC[C@H](c2ccccc2)NC(=O)c2cc(cc(-c3ccccc3C#N)c2)COC1=O,4.32,0.0,1
CHEMBL2581,C[C@@]1(c2cc(-c3cncnc3)c(F)cc2F)CCSC(N)=N1,4.8100000000000005,0.014142135623730963,2
CHEMBL2581,C[C@@]1(c2cc(CNC3(C#N)CC3)c(F)cc2F)CCSC(N)=N1,4.14,0.0,1
CHEMBL2581,C[C@@]1(c2cc(CNC3(C(F)(F)F)CC3)c(F)cc2F)CCSC(N)=N1,4.49,0.0,1
CHEMBL2581,C[C@@]1(c2cc(CNC3(C(F)F)CC3)c(F)cc2F)CCSC(N)=N1,4.18,0.0,1
CHEMBL2581,C[C@@]1(c2cc(CNC34CC(C3)C4)c(F)cc2F)CCSC(N)=N1,4.02,0.0,1
CHEMBL2581,C[C@@]1(c2cc(NC(=O)c3ncc(C#N)cc3N)ccc2F)CO[C@@](C)(C(F)(F)F)C(N)=N1,4.52,0.0,1
CHEMBL2581,C[C@@]1(c2cccc(NC(=O)c3ccc(Br)cn3)c2)CO[C@@](C)(C(F)(F)F)C(N)=N1,4.14,0.0,1
CHEMBL2581,C[C@@]1(c2cccc(Nc3ccc(C4CC4)nc3)c2Cl)CC(=O)N(C2CCOCC2)C(=N)N1,5.92,0.0,1
CHEMBL2581,C[C@@]1(c2cccc(Nc3ccccc3)c2Cl)CC(=O)N(C2CCOCC2)C(=N)N1,7.24,0.0,1
CHEMBL2581,C[C@@]1(c2nc(NC(=O)c3ncc(C#N)cc3N)ccc2F)CO[C@@](C)(C(F)(F)F)C(N)=N1,4.76,0.0,1
CHEMBL2581,C[C@@]1(c2nc(NC(=O)c3ncc(C(F)(F)F)cc3N)ccc2F)CO[C@@](C)(C(F)(F)F)C(N)=N1,4.69,0.0,1
CHEMBL2581,C[C@@]1(c2nc(NC(=O)c3ncc(C(F)(F)F)nc3N)ccc2F)CO[C@@](C)(C(F)(F)F)C(N)=N1,4.27,0.0,1
CHEMBL2581,C[C@@]1(c2nc(NC(=O)c3ncc(OCCF)nc3N)ccc2F)CO[C@@](C)(C(F)(F)F)C(N)=N1,4.38,0.0,1
CHEMBL2581,C[C@H](NC[C@@H](O)[C@H](Cc1ccccc1)NC(=O)c1cc(N2CCCC2)cc(N2CCCC2=O)c1)C(=O)NC1CCCCC1,5.03,0.0,1
CHEMBL2581,C[C@H](NC[C@@H](O)[C@H](Cc1ccccc1)NC(=O)c1cccc(CS(=O)(=O)c2ccccc2)c1)C(=O)NC1CCCCC1,4.92,0.0,1
CHEMBL2581,C[C@H](NC[C@@H](O)[C@H](Cc1ccccc1)NC(=O)c1cccc(N(C2CCCCC2)S(C)(=O)=O)c1)C(=O)NC1CCCCC1,5.62,0.0,1
CHEMBL2581,C[C@H](NC[C@@H](O)[C@H](Cc1ccccc1)NC(=O)c1cccc(N(Cc2ccccc2)S(C)(=O)=O)c1)C(=O)NC1CCCCC1,6.22,0.0,1
CHEMBL2581,C[C@H](NC[C@@H](O)[C@H](Cc1ccccc1)NC(=O)c1cccc(N(c2cc(Cl)cc(Cl)c2)S(C)(=O)=O)c1)C(=O)NC1CCCCC1,6.77,0.0,1
CHEMBL2581,C[C@H](NC[C@@H](O)[C@H](Cc1ccccc1)NC(=O)c1cccc(N(c2ccc(C#N)cc2)S(C)(=O)=O)c1)C(=O)NC1CCCCC1,5.29,0.0,1
CHEMBL2581,C[C@H](NC[C@@H](O)[C@H](Cc1ccccc1)NC(=O)c1cccc(N(c2ccc(C(F)(F)F)cc2)S(C)(=O)=O)c1)C(=O)NC1CCCCC1,6.24,0.0,1
CHEMBL2581,C[C@H](NC[C@@H](O)[C@H](Cc1ccccc1)NC(=O)c1cccc(N(c2ccc(Cl)cc2)S(C)(=O)=O)c1)C(=O)NC1CCCCC1,6.46,0.0,1
CHEMBL2581,C[C@H](NC[C@@H](O)[C@H](Cc1ccccc1)NC(=O)c1cccc(N(c2cccc(C#N)c2)S(C)(=O)=O)c1)C(=O)NC1CCCCC1,6.22,0.0,1
CHEMBL2581,C[C@H](NC[C@@H](O)[C@H](Cc1ccccc1)NC(=O)c1cccc(N(c2ccccc2)S(C)(=O)=O)c1)C(=O)NC1CCCCC1,6.18,0.0,1
CHEMBL2581,C[C@H](NC[C@@H](O)[C@H](Cc1ccccc1)NC(=O)c1cccc(N(c2ccccc2C#N)S(C)(=O)=O)c1)C(=O)NC1CCCCC1,5.96,0.0,1
CHEMBL2581,C[C@H](NC[C@@H](O)[C@H](Cc1ccccc1)NC(=O)c1cccc(N2CCCC2=O)c1)C(=O)NC1CCCCC1,4.585,0.007071067811865324,2
CHEMBL2581,C[C@H](NC[C@@H](O)[C@H](Cc1ccccc1)NC(=O)c1cccc(N2CCCS2(=O)=O)c1)C(=O)NC1CCCCC1,5.0,0.0,1
CHEMBL2581,C[C@H](NC[C@@H](O)[C@H](Cc1ccccc1)NC(=O)c1cccc(NS(=O)(=O)Cc2ccccc2)c1)C(=O)NC1CCCCC1,4.52,0.0,1
CHEMBL2581,C[C@H](NC[C@@H](O)[C@H](Cc1ccccc1)NC(=O)c1cccc(NS(=O)(=O)c2ccccc2)c1)C(=O)NC1CCCCC1,4.92,0.0,1
CHEMBL2581,C[C@H](NC[C@@H](O)[C@H](Cc1ccccc1)NC(=O)c1cccc(Nc2ccccc2)c1)C(=O)NC1CCCCC1,5.77,0.0,1
CHEMBL2581,C[C@H](NC[C@@H](O)[C@H](Cc1ccccc1)NC(=O)c1cccc(OS(=O)(=O)Cc2ccccc2)c1)C(=O)NC1CCCCC1,5.46,0.0,1
CHEMBL2581,C[C@H](NC[C@@H](O)[C@H](Cc1ccccc1)NC(=O)c1cccc(S(=O)(=O)Cc2ccccc2)c1)C(=O)NC1CCCCC1,5.18,0.0,1
CHEMBL2581,C[C@H](NC[C@@H](O)[C@H](Cc1ccccc1)NC(=O)c1cccc(S(=O)(=O)N(C)Cc2ccccc2)c1)C(=O)NC1CCCCC1,5.66,0.0,1
CHEMBL2581,C[C@H](NC[C@@H](O)[C@H](Cc1ccccc1)NC(=O)c1cccc(S(C)(=O)=O)c1)C(=O)NC1CCCCC1,5.11,0.0,1
CHEMBL2581,C[C@H](O)CN/C(N)=N\C(=O)Cn1c(-c2ccccc2)ccc1C12CC3CC(CC(C3)C1)C2,4.27,0.0,1
CHEMBL2581,C[C@H]1C[C@@H](N2C(=N)N[C@](C)(c3cccc(NC(=O)c4cccc(C#N)c4)c3Cl)CC2=O)CCO1,5.41,0.0,1
CHEMBL2581,C[C@H]1C[C@@H](N2C(=N)N[C@](C)(c3cccc(Nc4ccc(C5CC5)nc4)c3Cl)CC2=O)CCO1,7.19,0.0,1
CHEMBL2581,C[C@H]1C[C@@H](N2C(=N)N[C@](C)(c3cccc(Nc4cnc(C5CC5)nc4)c3Cl)CC2=O)CCO1,6.67,0.0,1
CHEMBL2581,C[C@H]1C[C@H]2CSC(N)=N[C@@]2(c2ccc(F)cc2F)CO1,4.14,0.0,1
CHEMBL2581,C[C@H]1SC(N)=N[C@@]2(c3ccc(F)cc3F)CO[C@@H](c3cnn(C)c3)C[C@@H]12,4.71,0.0,1
CHEMBL2581,C[C@H]1[C@H](C)CC[C@]2(C(=O)O)CC[C@]3(C)C(=CC[C@@H]4[C@@]5(C)CC[C@H](O)C(C)(C)[C@@H]5CC[C@]43C)[C@H]12,4.74,0.0,1
CHEMBL2581,C[C@]1(c2cc(NC(=O)c3ccc(Cl)cn3)ccc2F)CC2(CCOCC2)SC(N)=N1,4.97,0.0,1
CHEMBL2581,C[C@]1(c2cc(NC(=O)c3ccc(F)cn3)ccc2F)CC2(CCOCC2)SC(N)=N1,4.67,0.0,1
CHEMBL2581,Cc1c(C(=O)N[C@@H](Cc2ccccc2)[C@H](O)CNCc2cccc(C(F)(F)F)c2)cccc1N(c1ccccc1)S(C)(=O)=O,6.96,0.0,1
CHEMBL2581,Cc1cc(-c2cc3c(cn2)Oc2ccc(-c4cccnc4F)cc2[C@@]32COC(N)=N2)ccn1,5.41,0.0,1
CHEMBL2581,Cc1cc(C2(c3cccc(-c4cncnc4)c3)N=C(N)N(C)C2=O)c(Cl)s1,4.5,0.0,1
CHEMBL2581,Cc1cc(C2(c3cccc(-c4cncnc4)c3)N=C(N)N(C)C2=O)cs1,4.52,0.0,1
CHEMBL2581,Cc1cc(F)cnc1C(=O)Nc1csc([C@]23CO[C@@H](C)C[C@H]2CSC(N)=N3)n1,4.46,0.0,1
CHEMBL2581,Cc1cc([C@H]2C[C@H]3CSC(N)=N[C@@]3(c3ccc(F)cc3F)CO2)on1,5.03,0.0,1
CHEMBL2581,Cc1cc([C@H]2C[C@H]3[C@@H](C)SC(N)=N[C@@]3(c3ccc(F)cc3F)CO2)on1,4.885,0.049497474683058526,2
CHEMBL2581,Cc1cc([C@H]2C[C@H]3[C@@H](CF)SC(N)=N[C@@]3(c3ccc(F)cc3F)CO2)on1,5.1,0.0,1
CHEMBL2581,Cc1cc([C@]2(c3ccc(F)c(C#CC4CC4)c3)N=C(N)N(C)C2=O)ccc1OC(F)F,5.75,0.0,1
CHEMBL2581,Cc1cc([C@]2(c3ccc(F)c(C#CCF)c3)N=C(N)N(C)C2=O)ccc1OC(F)F,5.66,0.0,1
CHEMBL2581,Cc1cc([C@]2(c3ccc(F)c(OCC(F)F)c3)N=C(N)N(C)C2=O)ccc1OC(F)F,5.47,0.0,1
CHEMBL2581,Cc1cc([C@]2(c3cccc(C#CC4CC4)c3)N=C(N)N(C)C2=O)ccc1OC(F)F,5.7,0.0,1
CHEMBL2581,Cc1cc([C@]2(c3ccccc3)N=C(N)N(C)C2=O)ccc1OC(F)F,4.65,0.0,1
CHEMBL2581,Cc1cc2cc(n1)OCCCCOc1cccc(c1)C[C@@H]([C@H](O)CNC1(c3cccc(C(C)C)c3)CC1)NC2=O,7.96,0.0,1
CHEMBL2581,Cc1cc2cc(n1)OCCCCOc1cccc(c1)C[C@@H]([C@H](O)CNCc1cccc(C(C)C)c1)NC2=O,6.81,0.0,1
CHEMBL2581,Cc1ccc(C(=O)N[C@@H](Cc2ccccc2)[C@H](O)CNCc2cccc(C(F)(F)F)c2)cc1N(c1ccccc1)S(C)(=O)=O,5.67,0.0,1
CHEMBL2581,Cc1ccc(N(c2ccccc2)S(C)(=O)=O)cc1C(=O)N[C@@H](Cc1ccccc1)[C@H](O)CNCc1cccc(C(F)(F)F)c1,6.01,0.0,1
CHEMBL2581,Cc1ccc2c(NNC(=O)c3ccccc3O)c3ccccc3nc2c1C,8.675,0.8838834764831844,2
CHEMBL2581,Cc1cccc(C(=O)NNc2c3ccccc3nc3c(C)c(C)ccc23)c1,8.05,0.0,1
CHEMBL2581,Cc1cccc(Cc2cc(C[C@@H]3CS(=O)(=O)C[C@H](NCc4cccc(C(C)C)c4)[C@H]3O)ccc2O)c1,5.15,0.0,1
CHEMBL2581,Cc1ccccc1-c1ccc2nc(N)c(CCC(=O)NCCC(C)(C)C)cc2c1,6.29,0.0,1
CHEMBL2581,Cc1ccccc1-c1ccc2nc(N)ccc2c1,3.97,0.0,1
CHEMBL2581,Cc1cccnc1-c1ccc2nc(N)c(C[C@H](C)C(=O)NCCC(C)(C)C)cc2c1,6.09,0.0,1
CHEMBL2581,Cc1ccoc1C(=O)Nc1cccc(C2(C3CCCCC3)N=C(N)N(C)C2=O)c1,4.77,0.0,1
CHEMBL2581,Cc1cn(-c2ccc3n(c2=O)CCN([C@@H](C)[C@@H]2CC[C@H](c4cc(F)c(Cl)cc4C(F)(F)F)O2)C3=O)cn1,4.7,0.0,1
CHEMBL2581,Cc1coc([C@H]2C[C@H]3CSC(N)=N[C@@]3(c3ccc(F)cc3F)CO2)n1,4.86,0.0,1
CHEMBL2581,Cc1coc([C@H]2C[C@H]3[C@@H](C)SC(N)=N[C@@]3(c3ccc(F)cc3F)CO2)n1,4.8,0.0,1
CHEMBL2581,Cc1coc([C@H]2C[C@H]3[C@@H](CF)SC(N)=N[C@@]3(c3ccc(F)cc3F)CO2)n1,4.72,0.0,1
CHEMBL2581,Cc1csc(CN/C(N)=N\C(=O)Cn2c(-c3ccccc3)ccc2C23CC4CC(CC(C4)C2)C3)n1,6.84,0.0,1
CHEMBL2581,Cc1nnc(CN/C(N)=N\C(=O)Cn2c(-c3ccccc3)ccc2C23CC4CC(CC(C4)C2)C3)o1,5.52,0.0,1
CHEMBL2581,Cc1sccc1C1(c2cccc(-c3cncnc3)c2)N=C(N)N(C)C1=O,4.41,0.0,1
CHEMBL2581,Clc1ccc2sc(SCCCc3ccc(OC4C5CCC(N5)C4OCc4ccc5ccccc5c4)cc3)nc2c1,5.16,0.0,1
CHEMBL2581,Cn1cc([C@H]2C[C@H]3CSC(N)=N[C@@]3(c3ccc(F)cc3F)CO2)cn1,4.88,0.0,1
CHEMBL2581,Cn1cc([C@H]2C[C@H]3[C@@H](CF)SC(N)=N[C@@]3(c3ccc(F)cc3F)CO2)cn1,5.18,0.0,1
CHEMBL2581,N#CCCCN/C(N)=N\C(=O)Cn1c(-c2ccccc2)ccc1C12CC3CC(CC(C3)C1)C2,5.37,0.0,1
CHEMBL2581,N#CCCN/C(N)=N\C(=O)Cn1c(-c2ccccc2)ccc1C12CC3CC(CC(C3)C1)C2,4.91,0.0,1
CHEMBL2581,N#Cc1ccc([C@]23CN(c4ncc(F)cn4)C[C@H]2CSC(N)=N3)s1,4.85,0.0,1
CHEMBL2581,N/C(=N/C(=O)Cn1c(-c2ccccc2)ccc1C12CC3CC(CC(C3)C1)C2)NC1CCCCC1,4.27,0.0,1
CHEMBL2581,N/C(=N/C(=O)Cn1c(-c2ccccc2)ccc1C12CC3CC(CC(C3)C1)C2)NCC(O)CO,4.13,0.0,1
CHEMBL2581,N/C(=N/C(=O)Cn1c(-c2ccccc2)ccc1C12CC3CC(CC(C3)C1)C2)NCCCCO,5.19,0.0,1
CHEMBL2581,N/C(=N/C(=O)Cn1c(-c2ccccc2)ccc1C12CC3CC(CC(C3)C1)C2)NCCCO,4.705,0.007071067811865324,2
CHEMBL2581,N/C(=N/C(=O)Cn1c(-c2ccccc2)ccc1C12CC3CC(CC(C3)C1)C2)NCCO,4.61,0.0,1
CHEMBL2581,N/C(=N/C(=O)Cn1c(-c2ccccc2)ccc1C12CC3CC(CC(C3)C1)C2)NCCc1cccs1,6.32,0.0,1
CHEMBL2581,N/C(=N/C(=O)Cn1c(-c2ccccc2)ccc1C12CC3CC(CC(C3)C1)C2)NCCc1ccsc1,6.22,0.0,1
CHEMBL2581,N/C(=N/C(=O)Cn1c(-c2ccccc2)ccc1C12CC3CC(CC(C3)C1)C2)NCc1cccc(N)c1,5.86,0.0,1
CHEMBL2581,N=C(N)NC(=O)Cn1c(-c2ccccc2)ccc1-c1ccc(NC(=O)c2cccc(Br)c2)cc1,5.68,0.0,1
CHEMBL2581,N=C(N)NC(=O)Cn1c(-c2ccccc2)ccc1-c1ccccc1,4.22,0.0,1
CHEMBL2581,NC(N)=NC(=O)Cn1c(-c2ccccc2)ccc1C12CC3CC(CC(C3)C1)C2,4.56,0.05656854249492385,2
CHEMBL2581,NC1=NC(c2ccc(OC(F)(F)F)cc2)(c2cccc(-c3cccnc3F)c2)/C2=N/CCCCCN12,4.95,0.0,1
CHEMBL2581,NC1=NC(c2ccc(OC(F)(F)F)cc2)(c2cccc(-c3cccnc3F)c2)C2=NCCCCN12,4.97,0.0,1
CHEMBL2581,NC1=NC(c2ccc(OC(F)(F)F)cc2)(c2cccc(-c3cccnc3F)c2)C2=NCCCN12,4.74,0.0,1
CHEMBL2581,NC1=NC(c2ccc(OC(F)(F)F)cc2)(c2cccc(-c3cccnc3F)c2)C2=NCCN12,4.97,0.0,1
CHEMBL2581,NC1=NC(c2ccc(OC(F)(F)F)cc2)(c2cccc(-c3cccnc3F)c2)C2=NOCCN12,5.62,0.0,1
CHEMBL2581,NC1=NC(c2ccc(OC(F)(F)F)cc2)(c2cccc(-c3cncnc3)c2)C2=NCCCN12,4.1,0.0,1
CHEMBL2581,NC1=NC(c2ccc(OC(F)(F)F)cc2)(c2cccc(Br)c2)C2=NCCCN12,4.32,0.0,1
CHEMBL2581,NC1=NC(c2ccc(OC(F)(F)F)cc2)(c2cccc(CCC3CC3)c2)C2=NCCCN12,4.78,0.0,1
CHEMBL2581,NC1=NC(c2cccc(-c3cccnc3F)c2)(c2ccc3c(c2)OC(F)(F)O3)C2=NCCCN12,4.02,0.0,1
CHEMBL2581,NC1=NC(c2cccc(-c3cccnc3F)c2)(c2ccc3c(c2)OCCO3)C2=NCCCN12,5.02,0.0,1
CHEMBL2581,NC1=NC(c2cccc(-c3cccnc3F)c2)(c2ccc3c(c2)OCO3)C2=NCCCN12,4.81,0.0,1
CHEMBL2581,NC1=NC(c2ccccc2)(c2cccc(Cc3ccc(F)cc3)c2)C2=NCCCN12,5.04,0.0,1
CHEMBL2581,NC1=NC(c2ccccc2)(c2cccc(Cc3ccccc3)c2)C2=NCCCN12,4.28,0.0,1
CHEMBL2581,NC1=N[C@@](c2ccc(OC(F)(F)F)cc2)(c2cccc(-c3cccnc3F)c2)C2=NCCCN12,4.25,0.0,1
CHEMBL2581,NC1=N[C@@]2(CO1)c1cc(-c3cccc(F)n3)ccc1Oc1cnc(-c3ccnc(F)c3)cc12,6.18,0.0,1
CHEMBL2581,NC1=N[C@@]2(CO1)c1cc(-c3cccc(F)n3)ccc1Oc1cnc(Cl)cc12,4.82,0.0,1
CHEMBL2581,NC1=N[C@@]2(CO1)c1cc(-c3cccnc3F)ccc1O[C@H]1CCOC[C@@H]12,4.82,0.0,1
CHEMBL2581,NC1=N[C@@]2(CO1)c1cc(-c3cccnc3F)ccc1Oc1cnc(-c3ccccc3)cc12,6.19,0.0,1
CHEMBL2581,NC1=N[C@@]2(CO1)c1cc(-c3cccnc3F)ccc1Oc1cnc(-c3ccccn3)cc12,5.39,0.0,1
CHEMBL2581,NC1=N[C@@]2(CO1)c1cc(-c3cccnc3F)ccc1Oc1cnc(-c3cccnc3)cc12,6.0,0.0,1
CHEMBL2581,NC1=N[C@@]2(CO1)c1cc(-c3cccnc3F)ccc1Oc1cnc(-c3ccnc(F)c3)cc12,6.18,0.0,1
CHEMBL2581,NC1=N[C@@]2(CO1)c1cc(-c3cccnc3F)ccc1Oc1cnc(-c3ccncc3)cc12,5.5,0.0,1
CHEMBL2581,NC1=N[C@@]2(CO1)c1cc(-c3cccnc3F)ccc1Oc1cnc(C3=CCCOC3)cc12,5.97,0.0,1
CHEMBL2581,NC1=N[C@@]2(CO1)c1cc(-c3cccnc3F)ccc1Oc1cnc(C3=CCOCC3)cc12,6.19,0.0,1
CHEMBL2581,NC1=N[C@@]2(CO1)c1cc(-c3cccnc3F)ccc1Oc1cnc(C3CCCOC3)cc12,5.24,0.0,1
CHEMBL2581,NC1=N[C@@]2(CO1)c1cc(-c3cccnc3F)ccc1Oc1cnc(C3CCOCC3)cc12,5.47,0.0,1
CHEMBL2581,NC1=N[C@@]2(CO1)c1cc(-c3cccnc3F)ccc1Oc1cnc(N3CCC(F)(F)C3)cc12,6.36,0.0,1
CHEMBL2581,NC1=N[C@@]2(CO1)c1cc(-c3cccnc3F)ccc1Oc1cnc(N3CCC(F)(F)CC3)cc12,6.85,0.0,1
CHEMBL2581,NC1=N[C@@]2(CO1)c1cc(-c3cccnc3F)ccc1Oc1cnc(N3CCOCC3)cc12,6.22,0.0,1
CHEMBL2581,NC1=N[C@@]2(CO1)c1cc(-c3cccnc3F)ccc1Oc1cnc(N3CC[C@@H](F)C3)cc12,6.17,0.0,1
CHEMBL2581,NC1=N[C@@]2(CO1)c1cc(-c3cccnc3F)ccc1Oc1cnc(N3CC[C@H](F)C3)cc12,5.65,0.0,1
CHEMBL2581,NC1=N[C@@]2(CO1)c1cc(-c3cccnc3F)ccc1Oc1cnc([C@@H]3CCCCO3)cc12,4.94,0.0,1
CHEMBL2581,NC1=N[C@@]2(CO1)c1cc(-c3cccnc3F)ccc1Oc1cnc([C@H]3CCCCO3)cc12,5.98,0.0,1
CHEMBL2581,NC1=N[C@@]2(CO1)c1cc(-c3cncc(C#CC4CC4)c3)ccc1Oc1cnc(C3=CCOCC3)cc12,5.44,0.0,1
CHEMBL2581,NC1=N[C@@]2(CO1)c1cc(-c3cncc(C#CCO)c3)ccc1Oc1cnc(C3=CCOCC3)cc12,5.36,0.0,1
CHEMBL2581,NC1=N[C@@]2(CO1)c1cc(-c3cncnc3)ccc1O[C@H]1CCOC[C@@H]12,4.12,0.0,1
CHEMBL2581,NC1=N[C@@]2(c3cc(NC(=O)c4ccc(F)cn4)ccc3F)CN(c3ncc(F)cn3)C[C@H]2CS1,4.1,0.0,1
CHEMBL2581,NC1=N[C@@]2(c3ccc(F)cc3F)CO[C@@H](C(F)F)C[C@H]2CS1,4.08,0.0,1
CHEMBL2581,NC1=N[C@@]2(c3ccc(F)cc3F)CO[C@@H](C3CC3)C[C@H]2CS1,4.35,0.0,1
CHEMBL2581,NC1=N[C@@]2(c3ccc(F)cc3F)CO[C@@H](c3ncco3)C[C@H]2CS1,4.13,0.0,1
CHEMBL2581,NC1=N[C@@]2(c3cccs3)CN(c3ncc(F)cn3)C[C@H]2CS1,4.72,0.0,1
CHEMBL2581,NC1=N[C@@]2(c3cccs3)CN(c3ncccn3)C[C@H]2CS1,4.39,0.0,1
CHEMBL2581,NC1=N[C@@]2(c3ccns3)CN(c3ncc(F)cn3)C[C@H]2CS1,4.54,0.0,1
CHEMBL2581,NC1=N[C@@]2(c3cnccn3)CN(c3ncc(F)cn3)C[C@H]2CS1,4.08,0.0,1
CHEMBL2581,NC1=N[C@](c2ccc(OC(F)(F)F)cc2)(c2cccc(-c3cccnc3F)c2)C2=NCCCN12,5.16,0.0,1
CHEMBL2581,NC1=N[C@](c2ccc(OC(F)(F)F)cc2)(c2cccc(-c3cncnc3)c2)C2=NCCCN12,4.44,0.0,1
CHEMBL2581,NC1=N[C@](c2ccc(OC(F)F)cc2)(c2cccc(-c3cccnc3F)c2)CO1,5.12,0.0,1
CHEMBL2581,NNC(=O)c1ccccc1[N+](=O)[O-],5.89,0.0,1
CHEMBL2581,Nc1c(F)cc(C[C@@H]2CS(=O)(=O)C[C@H](NCc3cccc(OC(F)(F)F)c3)[C@H]2O)cc1OC(C(F)(F)F)C(F)(F)F,5.6,0.0,1
CHEMBL2581,Nc1cccc(-c2cc(-c3ccccc3)cc3nc(N)n(CC4CCCO4)c(=O)c23)c1,4.03,0.0,1
CHEMBL2581,Nc1nc2cc(-c3ccc(C4CCCCC4)cc3)ccc2c(=O)n1C[C@@H]1CC[C@H](c2ccccc2)O1,5.07,0.0,1
CHEMBL2581,Nc1nc2cc(-c3ccc(CCC4CC4)cc3)ccc2c(=O)n1C[C@@H]1CC[C@H](c2ccccc2)O1,5.5,0.0,1
CHEMBL2581,Nc1nc2cc(-c3ccc(CCC4CCCCC4)cc3)ccc2c(=O)n1C[C@@H]1CC[C@H](c2ccccc2)O1,4.0,0.0,1
CHEMBL2581,Nc1nc2cc(-c3ccc(CCCCCc4ccccc4)cc3)ccc2c(=O)n1C[C@@H]1CC[C@H](c2ccccc2)O1,4.28,0.0,1
CHEMBL2581,Nc1nc2cc(-c3ccc(CCCCc4ccccc4)cc3)ccc2c(=O)n1C[C@@H]1CC[C@H](c2ccccc2)O1,4.04,0.0,1
CHEMBL2581,Nc1nc2cc(-c3ccc(CCCc4ccccc4)cc3)cc(CCC(=O)O)c2c(=O)n1CC1CCCO1,4.89,0.0,1
CHEMBL2581,Nc1nc2cc(-c3ccc(CCCc4ccccc4)cc3)ccc2c(=O)n1C[C@@H]1CC[C@H](c2ccccc2)O1,5.22,0.0,1
CHEMBL2581,Nc1nc2cc(-c3ccc(CCCc4ccccc4)cc3-c3ccc(C(=O)O)cc3)ccc2c(=O)n1CC1CCCO1,4.6,0.0,1
CHEMBL2581,Nc1nc2cc(-c3ccccc3)cc(-c3ccc(C(=O)O)cc3)c2c(=O)n1CC1CCCO1,4.0,0.0,1
CHEMBL2581,Nc1nc2cc(-c3ccccc3)cc(-c3ccc(C(=O)O)cc3)c2c(=O)n1C[C@@H]1CC[C@H](c2ccccc2)O1,4.7,0.0,1
CHEMBL2581,Nc1nc2cc(-c3ccccc3)cc(-c3cccc(C(=O)O)c3)c2c(=O)n1CC1CCCO1,4.01,0.0,1
CHEMBL2581,Nc1nc2cc(-c3ccccc3)cc(-c3cccnc3)c2c(=O)n1CC1CCCO1,4.15,0.0,1
CHEMBL2581,Nc1nc2cc(-c3ccccc3)cc(CC(=O)O)c2c(=O)n1C[C@@H]1CC[C@H](c2ccccc2)O1,4.96,0.0,1
CHEMBL2581,Nc1nc2cc(-c3ccccc3)ccc2c(=O)n1CC1CCC2(CCCCC2)O1,5.05,0.0,1
CHEMBL2581,Nc1nc2cc(-c3ccccc3)ccc2c(=O)n1C[C@@H]1CCCO1,4.27,0.0,1
CHEMBL2581,Nc1nc2cc(-c3ccccc3)ccc2c(=O)n1C[C@@H]1CC[C@@H](c2ccccc2)O1,5.05,0.0,1
CHEMBL2581,Nc1nc2cc(-c3ccccc3)ccc2c(=O)n1C[C@@H]1CC[C@H](c2ccc3ccccc3c2)O1,4.71,0.0,1
CHEMBL2581,Nc1nc2cc(-c3ccccc3)ccc2c(=O)n1C[C@@H]1CC[C@H](c2ccccc2)O1,4.76,0.14142135623730995,2
CHEMBL2581,Nc1nc2cc(-c3ccccc3)ccc2c(=O)n1C[C@H]1CC[C@@H](c2ccccc2)O1,5.34,0.0,1
CHEMBL2581,O=C(/C=C/C=C/c1ccc2c(c1)OCO2)N1CCCCC1,4.37,0.0,1
CHEMBL2581,O=C(C1=C(c2ccc(CCCOc3c(F)ccc(F)c3Cl)cc2)C[C@@H]2CNC[C@H]1N2)N(Cc1cccc(Cl)c1Cl)C1CC1,5.57,0.0,1
CHEMBL2581,O=C(Cc1ccccc1)N(Cc1ccccc1)C1CNCC1N(Cc1ccccc1)C(=O)Cc1ccccc1,4.74,0.0,1
CHEMBL2581,O=C(Cn1c(-c2ccccn2)nc2ccccc21)c1ccc(-c2ccccc2)cc1,5.7,0.0,1
CHEMBL2581,O=C(Cn1c(-c2ccccn2)nc2ccccc21)c1ccc(Cl)cc1,4.5,0.0,1
CHEMBL2581,O=C(Cn1c(-c2ccccn2)nc2ccccc21)c1ccc(F)cc1,4.5,0.0,1
CHEMBL2581,O=C(Cn1c(-c2ccccn2)nc2ccccc21)c1ccc(F)cc1F,4.35,0.0,1
CHEMBL2581,O=C(Cn1c(-c2ccccn2)nc2ccccc21)c1ccc(O)c(O)c1,4.54,0.0,1
CHEMBL2581,O=C(Cn1c(-c2ccccn2)nc2ccccc21)c1ccc([N+](=O)[O-])cc1,4.75,0.0,1
CHEMBL2581,O=C(Cn1c(-c2ccccn2)nc2ccccc21)c1cccc([N+](=O)[O-])c1,4.67,0.0,1
CHEMBL2581,O=C(Cn1c(-c2ccccn2)nc2ccccc21)c1ccccc1,4.41,0.0,1
CHEMBL2581,O=C(Cn1c(-c2ccccn2)nc2ccccc21)c1ccccc1[N+](=O)[O-],4.41,0.0,1
CHEMBL2581,O=C(N[C@@H](Cc1ccccc1)[C@H](O)CNCc1cccc(C(F)(F)F)c1)c1cccc(N2c3ccccc3OS2(=O)=O)c1,5.73,0.0,1
CHEMBL2581,O=C([C@@H]1CNC[C@]12CCCc1nc(Cl)ccc12)N1CC[C@@H](c2ccccc2)C[C@H]1C1CCCCC1,5.21,0.0,1
CHEMBL2581,O=C1NC(=S)S/C1=C\c1ccc(COc2ccc(C(=O)c3ccccc3)c(O)c2)cc1,5.14,0.0,1
CHEMBL2581,O=C1NC(=S)S/C1=C\c1ccc(COc2ccc(C(=O)c3ccccc3)c(O)c2Cc2ccccc2)cc1,6.09,0.0,1
CHEMBL2581,O=C1NC(=S)S/C1=C\c1ccc(COc2ccc(C(=O)c3ccccc3)cc2)cc1,6.11,0.0,1
CHEMBL2581,O=C1NC(=S)S/C1=C\c1ccc(OCc2ccc(C(=O)c3ccccc3)cc2)cc1,5.88,0.0,1
CHEMBL2581,O=P([O-])(O)OC1C=C(c2ccccc2F)Nc2cc3c(cc21)OCO3,5.01,0.0,1
CHEMBL2581,[2H]C([2H])(N[C@H]1C[S@+]([O-])C[C@@H](Cc2cc(F)c(N)c(O[C@H](COC)C(F)(F)F)c2)[C@@H]1O)c1cccc(C(C)(C)C)c1,5.92,0.0,1
CHEMBL2581,[2H]C([2H])(N[C@H]1C[S@+]([O-])C[C@@H](Cc2cc(F)c(N)c(O[C@H](COC)C(F)(F)F)c2)[C@@H]1O)c1cccc(C(C)C)c1,5.48,0.0,1
CHEMBL2581,c1ccc(NNc2ccccc2)cc1,5.62,0.0,1
CHEMBL2581,c1ccc2cc(COC3C4CCC(N4)C3Oc3ccc(OCCSc4nc5ccccc5s4)cc3)ccc2c1,4.82,0.0,1
